CustomerID,num_transactions,total_order_value,days_between_trans,repeat_share,dog_share,avg_order_value
ruu963,401,19338.370000000003,1.81,0.927308634461268,0.8033813003827024,48.22536159600998
qkc114,400,18786.83,2.0,1.0,0.7203423071370489,46.967075
wbv360,400,15607.220000000001,2.02,1.0,0.7366307982432032,39.01805
ouy139,399,12923.61,2.23,0.7415994395211171,0.724634734766111,32.39
lhg409,399,12668.25,2.03,1.0,0.4697371966499143,31.75
iap848,400,12320.0,1.9,1.0,0.782872649662208,30.8
plw301,399,12221.37,1.86,0.9720718809291669,0.7597180600705249,30.630000000000003
eos839,401,12218.47,1.97,0.9750470277975252,0.9802769678422512,30.47
waj942,399,12177.48,2.24,0.9183821917995716,0.8400980913039647,30.52
cai871,399,12133.59,1.67,0.7476989168578384,0.7415946211620961,30.41
otq785,400,12024.0,1.25,0.5989160915469329,0.7286882878686464,30.06
xrm799,399,11946.06,1.9,0.6609756824045838,0.974128930686128,29.939999999999998
isq179,400,11896.0,2.0,0.7934700573622134,1.0,29.74
xeb570,398,11852.44,1.85,0.8205132403662302,0.905667827567791,29.78
yqz108,399,11850.3,1.95,0.8233665730460927,0.9404380007177178,29.7
blo689,402,11810.76,1.4,0.5729526555171638,1.0,29.38
gaj214,401,11793.41,1.86,0.7747142486031862,0.7810216158804066,29.41
hwa313,400,11788.0,1.73,0.4633518391704916,0.6275733848943108,29.47
gfi759,399,11786.46,2.08,0.9685604382521562,1.0,29.54
drr536,400,11772.0,2.14,0.9265619953089552,0.521281657037104,29.43
vlq320,400,11748.0,1.66,0.8163399093898532,0.9699512915856487,29.37
jgd607,398,11744.98,1.95,0.5240745535248723,0.7595622412507651,29.509999999999998
wov009,399,11738.58,2.1,1.0,1.0,29.419999999999998
kft529,399,11690.7,1.8,0.790107827267684,0.8930734388866133,29.3
ssm882,401,11681.13,2.13,0.8460518660241471,0.5072540743157916,29.13
rec654,399,11678.73,1.51,0.7126457509396655,0.7424052373039152,29.27
qwm212,401,11677.12,1.72,0.9799516753101616,1.0,29.12
lgz898,400,11664.0,2.15,0.8855032803914894,0.8202662854533257,29.16
ccu032,400,11648.0,2.04,0.7225780785564478,0.7409847852740812,29.12
oue602,401,11637.02,1.89,0.8731146080295231,1.0,29.02
ygn685,399,11626.86,1.91,0.966758783167912,0.3881275604524505,29.14
lyi728,401,11600.93,2.13,0.6252607056902737,0.4661370952005902,28.93
zqb573,398,11585.78,1.81,1.0,0.7610247240750984,29.110000000000003
ird145,399,11582.97,1.83,0.7992894189699884,0.8741577181479231,29.029999999999998
vjr595,401,11580.88,2.05,0.6586265723186372,0.8390803154102007,28.88
noa823,399,11578.98,1.98,0.752849702581376,0.8291429098944588,29.02
cvg851,399,11574.99,1.98,0.6615248717469425,0.7228680415542997,29.009999999999998
wxw055,400,11564.0,2.12,0.5866070425138208,0.714384261313998,28.91
hxm308,400,11544.0,1.89,1.0,0.8349089663016672,28.86
uzu411,398,11538.02,1.58,0.9186318294312305,0.5449386898155704,28.990000000000002
vbf407,400,11536.0,1.86,0.6632838587636435,0.6451750221941771,28.84
aam299,398,11530.06,1.73,0.7009096152631182,0.8906799136040792,28.97
zef418,400,11524.0,2.12,0.6571483425515341,0.5444611702379585,28.81
gjw794,398,11522.1,1.65,0.9695030998374576,0.7355846457793862,28.95
zti801,399,11511.15,2.09,1.0,0.8256044690271032,28.849999999999998
jkv708,400,11504.0,1.6,0.97541067169524,0.7512165959483226,28.76
mpt550,398,11498.22,2.06,1.0,0.8570961492115041,28.889999999999997
iao317,399,11487.21,1.9,0.774317854171504,0.8546944017166792,28.79
yiz506,398,11486.28,1.79,0.8314749391716849,0.8736766547192216,28.860000000000003
rxf429,399,11479.23,1.83,0.8886443844770261,0.8886107320540586,28.77
goc861,400,11460.0,1.66,0.3756873542975406,0.6721150897030819,28.65
hon188,400,11452.0,2.01,0.8390414100943113,0.9283079989723524,28.63
thk566,399,11451.3,1.97,0.8115025046419173,0.6558251799596799,28.7
fxc063,398,11442.5,2.1,0.5531496879913047,0.8396340905356158,28.75
lzd544,402,11436.9,1.78,0.8898421756528386,0.7269687061268578,28.45
vzx656,401,11432.51,1.84,0.9098518039862856,0.813506311090404,28.51
yim385,400,11420.0,1.85,1.0,0.88751967524816,28.55
xia074,400,11408.0,2.0,0.8769106443848107,0.7858997379852075,28.52
gjk857,401,11396.42,1.98,0.7056378678964322,0.8648748975729672,28.42
dtb000,400,11388.0,1.86,0.8277896827803197,0.7454994722263572,28.47
fqh706,401,11384.39,1.86,0.8800855274700711,1.0,28.389999999999997
tmy536,400,11380.0,1.93,0.5044177496158634,0.5687976184069308,28.45
zkw284,399,11379.48,1.61,1.0,1.0,28.52
azf069,401,11376.37,1.92,0.840782631897482,1.0,28.37
mkg093,399,11375.49,1.68,1.0,0.5658710832600108,28.509999999999998
nvp157,400,11372.0,1.92,0.9191334937765104,0.6699868475465208,28.43
fal827,399,11367.51,1.8,0.6833602696603878,0.8471290602441208,28.490000000000002
gcv600,399,11363.52,2.15,0.7425980078156014,0.5196223126560303,28.48
wvj341,399,11363.52,2.03,0.864201070483967,1.0,28.48
gpc520,399,11355.54,1.83,0.9297113884806416,0.6580070916984792,28.46
tot079,398,11354.94,2.16,0.8690329751513414,0.6652407803092039,28.53
lxi148,400,11352.0,2.21,0.9063247719251222,0.7768390602716829,28.38
sjx599,399,11347.56,1.65,0.8218811518665261,0.817286166975829,28.439999999999998
tav086,397,11346.26,2.17,1.0,1.0,28.580000000000002
hxx376,399,11343.57,2.15,0.7695686695076163,0.7768465570094947,28.43
jwh484,398,11339.02,1.76,0.6154575902646509,0.9714338840795372,28.490000000000002
adl749,400,11336.0,2.04,0.7923600830917188,0.8349215105462365,28.34
aty502,399,11331.6,2.02,1.0,0.874292626009591,28.400000000000002
rrw453,401,11328.25,1.62,0.5395410311107023,0.3099590916554455,28.25
ppe369,399,11319.63,2.36,1.0,0.693022673284358,28.369999999999997
hmp562,399,11303.67,1.71,0.7652987701343638,0.7373214851985936,28.330000000000002
qnd007,400,11300.0,1.67,0.5450524973489722,0.6836105687327884,28.25
mqu226,401,11296.17,1.98,0.6443643065922681,0.6201160387901585,28.17
xrd130,398,11287.28,2.0,0.9346112974041064,0.5146480152597648,28.360000000000003
cxh939,401,11284.14,1.64,0.671930317611225,0.8208582481546834,28.139999999999997
bje202,399,11283.72,1.75,0.81855850736379,0.7302175736013894,28.279999999999998
kyf352,398,11271.36,1.96,0.7968274188020408,0.5522139859386379,28.32
wky077,400,11268.0,2.21,0.7358334927743538,0.90034215241468,28.17
frm811,400,11264.0,1.9,1.0,1.0,28.16
bpt602,399,11263.77,1.84,0.6836980911267498,0.8210674689192206,28.23
erw126,401,11252.06,1.97,1.0,0.4798410413694139,28.06
nry532,399,11251.8,1.52,0.4701868225719798,0.6488387288729802,28.2
qxg944,401,11248.05,1.84,0.718790068638561,1.0,28.049999999999997
gve998,399,11243.82,1.61,0.96086131193496,1.0,28.18
csl726,399,11239.83,1.85,1.0,0.9841598403841326,28.169999999999998
wsq170,400,11232.0,2.02,0.6446913169822065,0.909348340334453,28.08
cvu476,399,11231.85,1.7,0.8619547617179035,0.9523869781266936,28.150000000000002
zia635,400,11224.0,1.54,0.5535679183760134,0.8399361063986793,28.06
wfz840,399,11219.88,1.83,0.3911050622979234,0.8760462790460022,28.119999999999997
nrh195,399,11207.91,1.98,0.8724870120343821,0.7475272420725658,28.09
tej781,398,11207.68,1.77,0.9244275147306342,0.664232185873872,28.16
emr061,400,11204.0,1.9,0.7877179482830381,0.4952545803382643,28.01
bhn313,402,11199.72,1.77,0.8265313488769875,1.0,27.86
seb706,401,11195.92,1.87,0.5198326550645005,0.6675423785585403,27.92
tqn772,400,11188.0,1.82,0.8820328391461731,0.9283448145278372,27.97
opv784,400,11184.0,2.1,0.6147927138578316,0.6515782557665202,27.96
swh678,399,11183.97,2.07,0.8195513387230655,0.9520357946364536,28.029999999999998
pgg241,401,11183.89,2.19,0.6987169093655274,0.784564941887716,27.889999999999997
jxr028,400,11180.0,2.1,0.6764768736276575,0.7436612410390973,27.95
dxb224,399,11179.98,1.8,0.9747599937673688,0.6304705543691718,28.02
afx968,401,11179.88,1.83,0.7794084783229543,0.5519260081725791,27.88
grr840,400,11176.0,2.22,0.5244002677831312,0.8040082203693139,27.94
tdi734,400,11176.0,1.89,0.9802199927319888,0.4778600899689118,27.94
poh948,399,11172.0,1.95,0.4692173466842604,0.488197683001885,28.0
aar191,399,11172.0,1.74,0.9368635680038802,0.9707558531687212,28.0
wkc188,400,11168.0,1.89,0.6238192677483124,0.9000983265781176,27.92
mcd741,400,11168.0,1.46,0.8895687270418733,0.5365963562749304,27.92
eej269,399,11164.02,1.85,0.7609028097317079,0.9135883220614658,27.98
vtd538,399,11160.03,1.73,0.6847248722083321,0.8833130763772867,27.970000000000002
hux009,400,11160.0,1.88,0.9317314438267644,0.5866823887371939,27.9
fyx658,401,11159.83,2.04,0.9216587808834074,0.5433137168083348,27.83
elo139,400,11156.0,1.85,0.6107670210193051,0.8620678763356544,27.89
xud091,398,11155.94,1.98,0.7010926703433497,0.5579273470745374,28.03
kpo569,401,11155.82,1.9,0.6294477808952728,0.4139915503542649,27.82
eaa502,402,11151.48,1.93,1.0,0.8987992454302403,27.74
ccs538,400,11140.0,2.02,0.6806001025753724,0.7708978505138764,27.85
njc687,401,11139.78,1.59,0.9672244276156544,0.4362006040437891,27.78
urh175,402,11139.42,1.52,0.3369623789969004,0.757369163608509,27.71
zuh851,400,11136.0,2.06,1.0,0.9376306511623134,27.84
jqh330,399,11132.1,2.33,0.7859521548887372,0.9886831262347632,27.900000000000002
xtu165,400,11132.0,1.97,1.0,0.6411832145996086,27.83
zsu289,400,11128.0,1.95,0.9928101931499518,0.6783798208311923,27.82
dlt365,400,11120.0,1.9,0.7167400062725157,0.6955799071376354,27.8
dhr772,399,11116.14,1.92,0.579846283905481,0.9361695636905286,27.86
xip571,400,11116.0,1.8,0.875364640916965,0.8744631459116897,27.79
lvf674,400,11112.0,1.91,0.5178080152455404,1.0,27.78
ekt049,401,11111.71,2.03,1.0,0.9089038650864943,27.709999999999997
bct764,400,11108.0,2.2,0.6076952917517242,0.7814317846600015,27.77
yxs636,399,11104.17,2.1,0.9962127488716798,0.6422607641183085,27.830000000000002
lov225,400,11104.0,2.19,1.0,0.6292499816658734,27.76
cnd126,400,11104.0,1.85,0.6577889287453083,0.4622447286245141,27.76
wac287,399,11096.19,1.57,0.5677981060149043,0.7306938479083287,27.810000000000002
isx712,400,11096.0,1.74,0.5400285433910061,0.6038665477480136,27.74
wxw111,401,11095.67,2.2,0.5386007261334058,0.552447117323094,27.67
luy964,398,11088.28,1.96,0.8220424734118187,1.0,27.860000000000003
jjb963,401,11083.64,1.53,1.0,0.9664819662534094,27.639999999999997
wjb999,398,11080.32,2.05,1.0,0.9855139948185512,27.84
ibl320,399,11080.23,2.31,0.7264658254482104,0.9686970545379208,27.77
azx545,401,11079.63,2.11,0.5644168719457813,0.6259257016879023,27.63
fiz876,399,11076.24,1.89,0.8778470046131702,1.0,27.759999999999998
gdm298,399,11076.24,1.73,0.613649117467475,0.7319307356569398,27.759999999999998
kjy256,399,11072.25,1.89,0.8418725659579578,0.688773319400646,27.75
eqf177,399,11072.25,2.06,0.8600423076446289,0.6194043044130221,27.75
qsx055,401,11059.58,1.55,0.9776698944005328,0.6275873127425063,27.58
rxs468,399,11056.29,2.08,0.269306827192932,0.8204249904449149,27.71
xma401,400,11056.0,1.84,1.0,0.939878995635724,27.64
gbl789,400,11056.0,1.97,0.6870842987383523,0.6474466132237031,27.64
omm445,398,11052.46,1.62,0.933024212751886,1.0,27.77
hoa369,400,11048.0,1.94,0.5798232767925875,0.6982594395350672,27.62
kyo694,400,11044.0,2.06,0.6280872944184662,0.96757054706885,27.61
fng465,400,11044.0,1.8,0.5573238449543712,0.7194452336158054,27.61
xut844,399,11040.33,1.98,0.8591390010225087,0.7607094257794772,27.669999999999998
omb014,399,11040.33,2.2,1.0,0.9300479476274234,27.669999999999998
vuk215,399,11040.33,1.58,0.4441402235880244,0.8643921617688171,27.669999999999998
vdm140,399,11036.34,1.73,0.9343227290856662,0.844137329075634,27.66
qte226,398,11032.56,2.26,0.5603412694340646,0.3579718726691914,27.72
gtz797,400,11028.0,2.15,0.5453137100167346,0.9647602826704448,27.57
kug406,400,11028.0,2.0,0.8276506814088656,0.912582594313942,27.57
pkf588,401,11027.5,1.85,0.7613568954705925,1.0,27.5
ppj267,398,11024.6,1.69,0.8883109295814525,0.8055851362275509,27.7
ifk208,399,11016.39,1.86,0.8017686260085622,1.0,27.61
pjf328,399,11012.4,1.59,1.0,0.5600177666922483,27.599999999999998
qqy240,400,11012.0,1.98,1.0,1.0,27.53
jga514,400,11008.0,1.97,0.5704625887975017,0.8886765694713379,27.52
eev142,400,11008.0,2.12,0.8771155118511917,1.0,27.52
sre097,399,10992.45,1.27,0.9426489080964832,0.7895000680163117,27.55
lad334,399,10992.45,2.1,1.0,0.6938402269199675,27.55
uco043,402,10990.68,2.06,0.8986941071106694,0.9731586004170004,27.34
ieo951,399,10988.46,1.83,0.6866249317714351,0.5415385541687348,27.54
nxm197,399,10988.46,2.16,0.7761292104414026,0.9748347515589924,27.54
aul603,401,10987.4,1.57,0.6903230425454363,0.5780912201721307,27.4
vnj233,401,10987.4,2.18,0.7108912840248902,1.0,27.4
umw025,403,10985.78,1.73,0.8121807616142851,1.0,27.26
pof453,399,10984.47,1.97,1.0,0.8788741131634358,27.529999999999998
ucm102,401,10983.39,1.6,0.8067068571381504,0.679029586362359,27.389999999999997
epx868,398,10980.82,2.39,0.9844326262169536,1.0,27.59
tjk001,401,10975.37,1.93,0.8816145255257797,0.6876097885288134,27.37
uhz991,398,10972.86,1.75,0.8583736566913837,0.9933444605586744,27.57
efs992,398,10968.88,1.77,1.0,1.0,27.56
vnz207,400,10968.0,1.96,0.7300082379372471,1.0,27.42
fpq115,401,10967.35,1.67,0.7331013073721544,0.8739704077066425,27.35
cys256,401,10959.33,2.0,0.7850703895390874,0.514296663898913,27.33
ast759,399,10956.54,1.87,0.7428008198281753,0.6320298797238249,27.46
sex004,400,10956.0,2.46,0.4099365990440805,0.5725071372874259,27.39
nks402,400,10956.0,2.02,0.5218144896451109,0.6911048156448791,27.39
rfz885,400,10952.0,2.01,0.9141716555337998,0.8628057380152291,27.38
gvc396,399,10948.56,1.99,0.7549696649860829,0.9913553719137368,27.439999999999998
djx688,401,10947.3,2.06,0.6860299382737574,0.9740861904605403,27.299999999999997
lqm505,398,10941.02,2.42,0.5576374017620809,1.0,27.490000000000002
mnv160,399,10940.58,1.86,0.8448187778940116,1.0,27.419999999999998
jcy681,399,10940.58,1.79,0.8831800888555462,0.7795268739785258,27.419999999999998
lhp585,401,10939.28,1.75,0.8595956664620283,0.5148573967617234,27.28
ttu965,399,10936.59,1.71,0.9429841424907563,0.5300638773955053,27.41
byv564,399,10932.6,2.2,0.6912309033549772,0.8983557646119932,27.400000000000002
rsk815,400,10932.0,1.97,1.0,0.9021145172324422,27.33
roj043,400,10932.0,1.8,1.0,0.6941281974337795,27.33
vhl110,400,10932.0,1.86,1.0,0.6788006627919201,27.33
zqs251,399,10928.61,1.8,0.6240440847722746,0.8370705895491106,27.39
fvw462,399,10924.62,2.2,0.9858716408812918,0.7990159965563481,27.380000000000003
msw720,398,10921.12,1.97,0.960781685984037,0.7751229896676495,27.44
kwm384,399,10920.63,1.95,0.6429314127432387,0.8485053060911892,27.369999999999997
axo510,399,10916.64,1.88,0.9541386764429892,0.8062812281320679,27.36
qpx664,401,10915.22,1.84,0.8839563366663856,0.5003586785370743,27.22
jtr849,399,10912.65,2.08,0.839798351479859,0.951279139078542,27.349999999999998
sqe380,400,10912.0,2.22,0.4638241909364991,0.7061186230838183,27.28
kio572,399,10908.66,1.94,0.6030300916381979,1.0,27.34
ttd596,400,10908.0,1.68,0.660240518955791,0.6840943145231901,27.27
srj153,400,10908.0,1.85,0.8268335633815829,0.7949968407958021,27.27
mmv969,400,10900.0,2.21,1.0,0.8048754210220829,27.25
qes963,400,10900.0,2.05,0.9752147734065564,0.8119889029464336,27.25
lis694,400,10900.0,1.67,0.9841060402234474,0.8605908112405855,27.25
ysf518,402,10898.22,2.0,0.4698363402417969,0.8038870988093655,27.11
bqe431,401,10887.15,1.97,0.4767035358829672,0.4825614953948042,27.15
sws354,402,10886.16,1.88,1.0,0.8231797580527854,27.08
wau614,398,10881.32,1.91,0.799948264666999,0.8119691473250201,27.34
jar790,400,10876.0,2.02,0.982779329431483,0.5988937384618966,27.19
ajp865,400,10872.0,1.81,0.5587352241164241,0.7235304955536617,27.18
msg134,399,10868.76,2.07,1.0,0.7335366979041845,27.240000000000002
snm338,398,10865.4,1.54,0.8886789600249371,0.4609224358681478,27.3
qot811,399,10852.8,1.71,0.8839970409323744,1.0,27.2
ptj016,400,10852.0,1.96,0.5196578203353268,0.6445605977904811,27.13
olr436,401,10847.05,1.46,1.0,0.6923896364712384,27.049999999999997
gss787,398,10845.5,1.84,0.7354299620519736,0.9145612265380396,27.25
hhy285,400,10844.0,1.98,0.8148069777829635,1.0,27.11
zup904,399,10840.83,1.84,0.535334359648703,0.8367996600642273,27.169999999999998
bgz422,399,10840.83,1.72,0.6486842964946912,0.238465464177969,27.169999999999998
syr055,400,10840.0,1.72,0.7301020193669383,0.8604851184588923,27.1
xsu566,397,10838.1,2.25,0.8389433309454449,0.5531023362916425,27.3
kef115,398,10837.54,1.88,0.8417042834399392,0.7569904891841641,27.23
tuh674,400,10836.0,1.78,0.7137623549278771,0.8400240477849356,27.09
lig252,400,10836.0,1.9,0.8693297777401441,1.0,27.09
nro999,400,10832.0,2.17,1.0,0.9007462675577788,27.08
uii221,401,10831.01,1.81,0.6677193621495716,0.8782701438548095,27.01
mor576,398,10829.58,2.01,0.7671774803549481,0.7654818691854299,27.21
nqe751,399,10828.86,1.96,0.8952685431916999,1.0,27.14
nji302,399,10824.87,1.77,0.8673767038740791,0.7687172427191311,27.130000000000003
vwx704,400,10824.0,1.77,0.9431647347731692,0.9564027558834252,27.06
grk012,400,10824.0,2.1,0.6621886404706085,0.5727514548849475,27.06
nxe821,397,10822.22,1.57,0.7012795785846194,0.5753945489883271,27.259999999999998
eqm392,398,10821.62,1.81,0.8523763100081058,0.994366883431183,27.19
ipw025,398,10821.62,2.0,0.6073962121726186,0.971625051122843,27.19
rmx386,400,10816.0,1.93,0.8254686001414915,0.6077218306946828,27.04
ahx695,400,10816.0,1.45,1.0,0.7746351872302139,27.04
okc644,401,10814.97,1.63,0.7609903411577594,0.7059878787181705,26.97
yry524,399,10812.9,2.06,0.6057066177642794,0.7753691699939254,27.099999999999998
rsw705,400,10812.0,1.87,0.846367405507722,0.5743686878989137,27.03
tes568,398,10809.68,1.72,0.7209707530436987,0.6806186893991796,27.16
ehx933,399,10808.91,1.83,1.0,0.5662556284823322,27.09
qvb540,399,10808.91,1.88,0.8049314269700751,1.0,27.09
toy525,400,10808.0,1.6,0.6239578367636041,0.8045689525238412,27.02
hkl337,398,10805.7,2.14,0.8249681138940741,0.8045741138776296,27.150000000000002
ksc539,399,10804.92,1.89,0.6898855943183881,0.8164791299930617,27.080000000000002
jxb794,400,10804.0,2.13,0.6106382487326268,0.8038169684743243,27.01
jmm080,400,10804.0,1.81,1.0,0.4512445747714606,27.01
eac040,401,10802.94,1.75,0.8783216340884611,0.8314879335967439,26.94
rqp915,401,10802.94,1.86,0.6662541843237267,0.7279679747794208,26.94
rgt317,400,10800.0,1.94,1.0,0.6883513605720062,27.0
bqx292,400,10800.0,1.84,0.6833082219698524,0.8501578420742756,27.0
uvs810,400,10796.0,1.72,0.8377612066633845,0.8405197867543449,26.99
ske861,400,10792.0,1.7,0.5817303342457419,0.922313949763527,26.98
ike517,399,10788.96,1.64,0.6111949309999368,1.0,27.04
ncm787,400,10788.0,2.01,0.3554019237094534,0.6445700979298539,26.97
ssq627,400,10788.0,2.14,0.5866885497265173,0.8611091018155512,26.97
geg767,401,10786.9,1.89,1.0,0.5463938764207716,26.9
ygp122,399,10784.97,1.86,1.0,0.7376507844303182,27.029999999999998
hvd590,399,10784.97,1.97,0.7002176748645074,0.4941014088806256,27.029999999999998
xdl828,397,10782.52,1.94,1.0,1.0,27.16
ahd529,398,10781.82,2.0,0.633305750459912,0.593632470608792,27.09
qlp751,399,10780.98,1.88,0.595823809237516,1.0,27.02
ksw972,400,10780.0,1.79,0.9765954469478486,0.9213179776063612,26.95
mau644,398,10773.86,1.87,0.8162351476549656,0.8725836266975301,27.07
twh516,402,10773.6,1.77,0.5560609981386284,0.3372054977979293,26.8
ucb534,399,10773.0,1.8,0.954549823201347,0.859759146313611,27.0
dno786,399,10773.0,1.79,0.6008310431143682,0.927897170014958,27.0
qzw379,400,10772.0,2.1,0.7070716697642947,0.946965372278646,26.93
ikg538,400,10772.0,2.16,1.0,0.6842501772542404,26.93
gjn788,401,10770.86,1.74,1.0,1.0,26.860000000000003
kbq178,400,10764.0,1.91,0.6513091810525624,0.9044480177798158,26.91
rrg161,399,10761.03,2.01,0.4757389085320164,0.8114427876737627,26.970000000000002
vuk315,399,10761.03,1.98,0.5224606688657104,0.5339129707140098,26.970000000000002
sra773,399,10757.04,1.91,1.0,0.981436405089526,26.96
ckf113,400,10756.0,2.37,0.7373962183261583,0.4322548302593847,26.89
ish008,399,10753.05,2.13,0.7702161051436719,0.4997464320330313,26.95
baq720,399,10753.05,1.76,0.9052723479674716,0.5837374269411886,26.95
lit283,401,10750.81,2.05,0.759071364036064,0.7503449444061766,26.81
fux232,399,10749.06,1.88,0.6405599244362369,0.9823918711732992,26.939999999999998
vix462,400,10748.0,1.88,0.7668381808333156,0.622470122585664,26.87
rpg506,398,10746.0,1.92,0.7697160461513766,1.0,27.0
whk924,399,10745.07,1.61,0.6736022834529356,1.0,26.93
wpj084,399,10745.07,2.02,0.6397845918761708,0.9351138633633272,26.93
dnh983,399,10741.08,1.98,0.4913134342966909,0.8826384979557818,26.919999999999998
ttx719,399,10741.08,1.86,1.0,0.9375344628404072,26.919999999999998
xdw333,400,10740.0,2.01,0.9151851161041076,1.0,26.85
juo407,401,10738.78,2.36,0.9920478173929288,0.7433086214790398,26.78
fsb329,400,10736.0,1.99,0.8573280020325275,0.691701068470842,26.84
swg151,399,10729.11,1.9,0.8201343540725006,0.9259960242153026,26.89
xhy577,401,10726.75,2.3,0.9654180130119722,0.8682269384432092,26.75
vzq659,401,10726.75,1.75,1.0,0.6388392326959733,26.75
ouq524,400,10724.0,1.8,0.8080788581721411,0.4384635977972373,26.81
fyi812,399,10721.13,2.05,1.0,0.5842939908053769,26.869999999999997
mdh724,400,10720.0,2.21,0.7456500803248205,0.8763056592162893,26.8
mhy536,400,10720.0,1.86,0.5302398015361229,0.792959353572443,26.8
xso422,401,10718.73,2.11,0.7407820264397454,0.9183071228710268,26.73
nku921,398,10718.14,1.89,0.935030018839042,0.7464903908268234,26.93
mob124,399,10717.14,2.11,0.7182060404914343,1.0,26.86
gsr776,400,10716.0,1.8,0.6949775640197986,0.846405937012931,26.79
qfs488,398,10714.16,1.59,0.8061757212083942,0.889962060576484,26.919999999999998
uit260,400,10712.0,1.71,0.8479231761834793,0.675291571724774,26.78
jzl367,400,10712.0,2.3,0.6467748921025065,0.729144709024613,26.78
kbj884,400,10708.0,2.09,0.7621078328923571,0.6942553857158613,26.77
arq199,401,10706.7,1.5,0.6177082969481302,0.7705407662025214,26.700000000000003
gvn584,399,10705.17,1.74,1.0,1.0,26.830000000000002
ebc436,401,10702.69,1.81,1.0,1.0,26.69
jaa636,399,10701.18,1.97,0.6243431486467921,1.0,26.82
mpp066,399,10701.18,1.74,0.9256167780919032,0.6942908737968443,26.82
nph353,401,10694.67,2.07,1.0,0.542435508548151,26.67
tmt362,399,10693.2,1.92,0.6372036917377423,0.7449101543620912,26.8
ysx431,399,10689.21,1.67,0.8458838326865162,0.375195339513682,26.79
mzv942,399,10689.21,1.74,0.8822893766109621,0.692404495383359,26.79
hzu635,398,10686.3,1.97,0.6148649599451518,0.7333847380555568,26.849999999999998
krn490,402,10685.16,1.96,0.9102041345038142,1.0,26.58
aps541,401,10682.64,1.89,0.5566458842564562,0.7905065477334566,26.639999999999997
kpf313,398,10682.32,1.97,0.8871732120656746,1.0,26.84
qed218,400,10676.0,2.0,0.6933016239480595,0.7463724662907477,26.69
lfb099,401,10670.61,1.62,0.909691272158383,0.7655172529911154,26.610000000000003
cgs162,398,10670.38,1.65,0.8414731049811333,0.8644755145433818,26.81
yjt180,399,10669.26,1.8,0.4779265616636247,0.6775894753188432,26.740000000000002
yfw733,399,10665.27,1.98,1.0,0.5649248222967125,26.73
yqv969,402,10661.04,1.51,1.0,0.6766807670521715,26.520000000000003
ukt978,400,10660.0,2.18,0.8611629677702213,0.5682802604341305,26.65
ufp669,398,10658.44,1.82,0.8560473665028987,0.6142398267848292,26.78
npb568,398,10650.48,2.03,1.0,0.8526928992655726,26.759999999999998
pbk499,399,10649.31,2.27,0.8649805412001401,0.6329110384592488,26.689999999999998
ysf730,400,10648.0,2.16,0.8108525491943,1.0,26.62
jzf549,400,10648.0,1.84,0.6939696779950175,0.8651983164122495,26.62
sql129,401,10646.55,2.12,1.0,0.8590610351224303,26.549999999999997
bfq187,398,10646.5,1.82,0.7172498488293177,0.9129186598396882,26.75
nvb093,399,10645.32,1.95,0.5463904870629497,0.6523834218509574,26.68
iem602,400,10644.0,2.19,0.3782868306440718,0.9695230139465516,26.61
xtq990,401,10642.54,1.74,0.816432448608025,0.7211127780109694,26.540000000000003
rdo590,400,10640.0,2.06,0.8364209892657918,0.96538096181638,26.6
zvt615,398,10638.54,1.77,1.0,0.8492394342078158,26.73
uxp442,398,10638.54,1.89,0.379980347670281,0.6387391443688125,26.73
gwo927,401,10638.53,1.79,0.7774425672184455,0.6257738450429532,26.53
tcn559,401,10630.51,2.22,0.5105472614718529,0.6864341913027424,26.51
dia915,401,10630.51,1.82,1.0,1.0,26.51
evz550,399,10629.36,1.97,0.5847598326228718,0.9283300469913088,26.64
jam938,400,10628.0,2.03,0.684892459616902,0.9020821784590448,26.57
mlp586,400,10628.0,1.67,0.702232477386055,0.5481856907542678,26.57
qpo941,398,10626.6,2.36,1.0,0.8512219662638771,26.7
njx575,398,10626.6,1.93,1.0,0.9470370679394012,26.7
nql828,401,10626.5,2.05,0.7510394093848405,0.5196671181255662,26.5
efy262,398,10622.62,1.33,0.8528402527398784,0.7591089624976873,26.69
mmz727,398,10622.62,2.05,1.0,0.7067223798866364,26.69
afl239,400,10616.0,1.8,0.8704212701711298,0.645252428961191,26.54
ujb119,398,10614.66,2.11,0.6211709547938887,0.714382112850924,26.669999999999998
bbx982,399,10613.4,1.87,0.9873465024363132,0.7496281806810194,26.599999999999998
ptr215,399,10609.41,2.13,0.5086988660939271,0.7811580335343523,26.59
uyu938,400,10604.0,1.73,0.5686602012269205,0.8337868886257778,26.51
kie160,398,10602.72,1.85,0.6825578535989612,1.0,26.639999999999997
nbi839,399,10601.43,1.7,0.8951317807948997,0.6283599355189231,26.57
dnq925,399,10601.43,1.94,1.0,1.0,26.57
ckq891,400,10600.0,2.05,0.9005417489406492,0.70572554798799,26.5
tnc754,399,10597.44,1.71,0.9257270984662604,0.6668998023774932,26.560000000000002
nji602,399,10597.44,2.03,0.5699461491947688,1.0,26.560000000000002
czf946,402,10596.72,2.09,0.3264740296471554,0.9001089954427054,26.36
jwt927,401,10590.41,1.72,1.0,1.0,26.41
qry686,400,10588.0,2.31,0.7436540324253484,0.5682034062558251,26.47
sze042,399,10585.47,2.2,0.9310590741915908,0.7456334794722836,26.529999999999998
lui567,400,10584.0,2.02,0.5431743351995766,0.3373437560398533,26.46
mkh026,400,10584.0,2.06,0.6571229722837845,0.7999684360901765,26.46
ggl553,397,10576.08,1.9,0.6663375570876526,0.6523330396509173,26.64
don327,398,10574.86,2.09,1.0,1.0,26.57
blh087,399,10573.5,1.96,0.6805307520032414,0.4419042591187345,26.5
upo038,402,10572.6,2.01,0.936108571654184,0.6418151201474305,26.3
lcu375,398,10570.88,1.85,0.4301495139092148,0.9433417888848008,26.56
lat014,400,10564.0,1.96,0.5197201188940297,0.783013668703538,26.41
mua329,400,10560.0,1.8,0.7948974049926061,0.769674777918721,26.4
piv625,398,10558.94,2.11,0.3437482135626736,0.6317824151571829,26.53
csl166,398,10554.96,2.27,0.3626628270913057,0.7030630024768595,26.52
eul637,398,10550.98,1.87,0.604690343581668,0.9109361675150236,26.509999999999998
lvl626,400,10548.0,1.67,0.6388415134738351,0.641020486947449,26.37
yms488,400,10548.0,1.67,0.7616840686457764,0.8417516398883098,26.37
oez218,399,10545.57,1.73,0.8470726312438064,0.8104310145523547,26.43
fcp800,400,10544.0,2.16,0.8731336096677208,0.328598384522756,26.36
vpj435,401,10542.29,2.12,0.5913998446723154,0.3159352826728047,26.290000000000003
eom727,401,10542.29,2.11,0.7554008008530875,0.7445019592274712,26.290000000000003
uyq247,399,10541.58,1.97,0.7287557089729094,1.0,26.419999999999998
qqg401,399,10541.58,1.36,0.5863682437065996,1.0,26.419999999999998
kvq606,399,10537.59,1.96,1.0,0.1819608949783513,26.41
kgr984,398,10535.06,2.0,0.8532479966801709,0.7160112859405043,26.47
ost921,398,10535.06,1.81,0.4569584288823982,0.2685753691637855,26.47
fnm383,399,10533.6,2.14,0.7095491191643473,0.7675604378356166,26.400000000000002
tyw136,400,10532.0,1.84,1.0,0.7821179235930532,26.33
lbx354,398,10531.08,2.24,1.0,1.0,26.46
anx051,399,10529.61,1.9,0.6841200839967648,0.7417786130450081,26.39
fcj941,399,10525.62,1.84,0.9591774590913088,0.7464332997190328,26.380000000000003
gdq167,399,10525.62,2.2,0.434848253005273,1.0,26.380000000000003
inb592,402,10524.36,1.56,0.7181416095639409,0.6242265900027506,26.18
njl056,399,10521.63,1.72,0.9151317681957938,0.8499566737366276,26.369999999999997
izp188,400,10516.0,2.04,0.8858836400251153,0.7795911611570613,26.29
zvr763,400,10516.0,2.16,0.6702554688174678,0.9345441573903284,26.29
ivu855,401,10514.22,2.08,0.7954700591185005,0.8969323109142232,26.22
ciz102,401,10514.22,2.05,0.4340113872344274,0.9541661344994664,26.22
szl640,401,10514.22,1.96,0.6745951829237,1.0,26.22
agl656,399,10513.65,1.93,0.8221221174399603,0.7649084971371782,26.349999999999998
iqc404,400,10512.0,1.82,1.0,1.0,26.28
ovo225,400,10512.0,1.78,0.8496455075779601,0.9395681608016384,26.28
kil542,401,10510.21,1.59,1.0,0.8809853446391872,26.209999999999997
uvm408,399,10509.66,2.01,0.7324287277223904,0.9539231671007662,26.34
abl541,400,10508.0,2.21,0.6124163598612379,0.8871004172602632,26.27
bhp289,400,10508.0,1.78,0.6508843867561351,0.8946887699033557,26.27
qht841,400,10504.0,2.09,0.7510303996100568,0.8452217349363865,26.26
tdt464,398,10495.26,1.98,0.7195803475568229,0.5873544324498369,26.37
tsp030,398,10495.26,2.15,0.7381610138386537,0.4655440139197289,26.37
ykg930,400,10484.0,1.96,0.6533878596538362,1.0,26.21
xzs720,400,10480.0,2.0,0.9250782785478652,0.6573343765591871,26.2
loy217,400,10480.0,1.76,0.7424675825302103,0.3062983626296506,26.2
bnn223,400,10472.0,2.14,0.8528007288716867,1.0,26.18
rxz740,400,10468.0,2.22,0.600544011801273,0.935788634138537,26.17
wxj497,399,10465.77,1.56,0.5971228992800796,0.5153885621548921,26.23
sxw226,400,10464.0,1.72,0.8512048523981699,1.0,26.16
dtb332,399,10461.78,1.97,0.8489069493671215,1.0,26.220000000000002
yzr980,399,10461.78,1.88,0.8295940259354968,0.846036048764959,26.220000000000002
nvh853,397,10460.95,2.19,0.3525408823277003,0.8581045458515633,26.35
dak217,397,10460.95,2.32,0.8457404645092537,0.8473197609272389,26.35
pkv906,419,10458.08,2.11,0.563279628948125,0.6677964127196305,24.959618138424823
roz620,400,10456.0,2.07,0.4147092811559202,1.0,26.14
nzc038,400,10456.0,1.62,0.5630227605524538,1.0,26.14
ika619,400,10456.0,2.09,0.8789134352255852,0.6860247320757393,26.14
koc234,398,10451.48,1.32,0.5602768084671645,0.5460396664466081,26.259999999999998
opz108,400,10448.0,1.94,0.7999965526935903,0.9467651723768296,26.12
lku017,399,10445.82,2.21,0.5521856086880393,0.6483193833763167,26.18
dbs357,400,10444.0,1.84,0.967809003359176,0.5446957175588889,26.11
jpe830,399,10441.83,1.72,0.5250716318673103,0.4273743743519862,26.169999999999998
zwp972,398,10439.54,1.86,0.881387251574267,0.8594808074768522,26.23
nxp607,399,10437.84,1.73,0.6462553870505855,1.0,26.16
hmn237,400,10436.0,2.26,0.9890629450466124,0.5537030709780091,26.09
xdt087,400,10436.0,1.95,1.0,0.8186676149311283,26.09
hfx658,401,10434.02,2.14,0.7063533377303133,0.6947366474300336,26.02
hai364,400,10432.0,1.86,0.7760207953203189,0.3661919543597252,26.08
mmd348,397,10429.19,1.68,0.9205998878136354,0.786338554799575,26.27
jur029,400,10428.0,1.62,0.9968360680620004,0.9143534992018236,26.07
amd049,398,10427.6,2.0,1.0,1.0,26.2
jdh344,400,10424.0,1.73,1.0,1.0,26.06
zjd045,399,10421.88,2.27,0.8516859643266714,0.52362404389558,26.119999999999997
alx811,399,10421.88,1.54,0.947901287546385,0.9638503773116368,26.119999999999997
uky153,399,10417.89,2.27,0.4056253409580867,0.8200111413994241,26.11
ccy416,400,10416.0,2.1,0.7329263797019574,0.7814199185102481,26.04
gbe077,400,10416.0,1.8,0.5640119351537747,0.8346335694353941,26.04
adw654,400,10416.0,2.07,0.7330439967256108,0.6719589338424965,26.04
wwc328,398,10415.66,1.91,0.785118428848223,0.7570191953424195,26.169999999999998
xtl149,399,10413.9,2.37,0.6770965565724552,0.7670319237456579,26.099999999999998
gjh926,400,10408.0,1.94,0.9414527524213658,0.8566877891319229,26.02
iel114,400,10408.0,1.63,0.6531443976469028,1.0,26.02
ltp263,399,10405.92,2.07,0.7293807892669716,0.9934643361387572,26.080000000000002
mrg504,399,10405.92,1.83,1.0,0.6783797307570909,26.080000000000002
vfc203,400,10404.0,1.67,1.0,0.640623568975941,26.01
cpc789,399,10401.93,1.57,0.797246233918652,0.6475577206299798,26.07
vje717,400,10400.0,1.87,1.0,0.2197006818265362,26.0
ahn405,400,10400.0,1.67,0.5678194260100153,0.959231510510704,26.0
nye042,400,10400.0,2.12,0.7973145519876814,0.7303962796501365,26.0
gtq320,400,10396.0,1.91,0.9395069892808868,1.0,25.99
wxv725,400,10396.0,2.0,1.0,0.9543682315631448,25.99
kzg033,400,10392.0,1.81,0.7147914727693431,0.8577155775108091,25.98
ywu811,398,10391.78,2.01,0.8376878227949935,0.818575139718385,26.110000000000003
kxy380,399,10389.96,1.88,0.7827742835664755,0.8515963499149767,26.04
lxz654,401,10389.91,1.57,0.9571492822178882,0.4397818899005456,25.91
smn381,400,10388.0,1.88,0.9835632215300044,0.7448342701596757,25.97
hdn385,400,10388.0,1.86,0.8443606509113005,0.936502487239482,25.97
lny585,398,10387.8,2.07,0.630301425610405,0.9758312511435956,26.099999999999998
hks853,399,10385.97,1.97,0.9506418344749106,0.985592991946441,26.029999999999998
blf087,399,10385.97,1.59,0.9012735029463228,0.6615480711958681,26.029999999999998
bpq120,401,10381.89,2.14,0.8602680251610885,0.6824240320356529,25.889999999999997
apy489,401,10381.89,1.71,1.0,0.6520782982547075,25.889999999999997
ciq798,401,10377.88,1.61,0.3511366781715012,0.6523176093921133,25.88
lez746,401,10377.88,1.99,0.4059364221303246,0.8707980471223675,25.88
mmj836,399,10374.0,1.81,0.5716975635890337,1.0,26.0
yrf819,399,10370.01,1.89,0.5106494246219959,0.7464517302842542,25.990000000000002
gxp259,400,10368.0,1.74,0.9453617102215668,1.0,25.92
nmy895,398,10367.9,2.02,1.0,0.928624798569508,26.05
ahr558,399,10366.02,1.79,0.8927361472862803,0.8454838094896898,25.98
qjc470,401,10365.85,1.42,0.8192194516162513,0.7425486328065998,25.85
pba898,398,10363.92,1.73,1.0,0.9226900237684,26.04
wrn085,399,10362.03,1.97,0.7375025637029833,0.8470846397387566,25.970000000000002
ofy701,399,10362.03,1.84,1.0,0.7922168117312487,25.970000000000002
wog060,397,10361.7,2.01,0.9643136394395794,0.905553976993432,26.1
nvd807,399,10358.04,1.68,0.7150869207504393,1.0,25.96
yyh208,399,10358.04,2.31,0.5042858635823345,0.3571681710219509,25.96
tuy470,401,10357.83,1.86,0.4511947020074872,0.7578989872709367,25.83
jkk918,402,10355.52,1.83,0.5757434883671955,0.6874733587403425,25.76
jfq419,401,10353.82,2.14,0.8449948480446643,0.7329782771342627,25.82
mrv127,400,10348.0,2.06,0.7505136646924295,0.6612242106267691,25.87
xxu593,399,10346.07,2.03,0.8235318461613776,0.5588127905564444,25.93
eie852,401,10345.8,1.93,0.9281788036183898,1.0,25.799999999999997
pqj225,401,10345.8,1.68,0.836106811055208,1.0,25.799999999999997
fna856,401,10345.8,1.79,0.7391100004108939,0.8279027207985558,25.799999999999997
yzt030,398,10344.02,1.95,0.6700494206912841,0.3535483161899379,25.990000000000002
bos291,398,10344.02,2.08,1.0,0.4930129143666195,25.990000000000002
ndg808,399,10342.08,1.78,0.7612958875196592,0.4484639588637247,25.919999999999998
uqq026,398,10340.04,1.97,1.0,0.9947055829521706,25.98
ysy365,400,10340.0,2.16,0.8682739017739768,0.5380950529540443,25.85
qoa231,402,10339.44,1.9,0.7313914992082239,0.853665794709217,25.720000000000002
luk888,399,10338.09,1.78,1.0,0.800988974549104,25.91
zck008,401,10337.78,2.06,0.6970514584773313,0.9706254528316922,25.78
xqj155,401,10337.78,2.02,0.7061264855591356,0.9326110007511584,25.78
dtk860,399,10334.1,1.62,1.0,1.0,25.900000000000002
qqz670,400,10332.0,2.19,0.5768547439437897,0.5650499920583175,25.83
arm410,400,10332.0,1.92,0.7072238112055864,0.6850570761981557,25.83
zfg955,399,10330.11,1.91,0.7577993323763261,0.9536817621345274,25.89
oej876,401,10329.76,2.14,0.7022453932966315,0.2884005796602661,25.76
ddm626,400,10328.0,2.03,1.0,0.950662926220454,25.82
yzd574,400,10328.0,1.69,0.8446150836767728,0.6187953979297269,25.82
mhw261,400,10328.0,1.82,0.7004395952398897,0.7640255659543784,25.82
gxk108,398,10324.12,1.63,0.5215501183172282,0.801608700636911,25.94
gxc950,401,10321.74,1.89,0.9338783195044392,0.9669236525137728,25.74
gxs388,398,10316.16,1.79,0.9506904238893426,0.9030715355855308,25.919999999999998
sxb457,399,10310.16,1.99,1.0,0.8987745193022707,25.84
eot886,399,10310.16,1.51,0.8051538176975849,0.4651692595460033,25.84
yhu478,400,10304.0,2.13,0.648687920376661,0.8101342092275793,25.76
yfi783,400,10304.0,1.97,0.7172382026335317,1.0,25.76
mzf812,400,10300.0,1.76,0.5635051481617366,0.556457254429379,25.75
bso959,400,10300.0,1.35,0.8151731413876717,0.7356119045919037,25.75
udj736,399,10298.19,1.67,0.9225486946542224,0.9636874160598335,25.810000000000002
fqk893,399,10298.19,1.79,0.9596230876376012,0.8060468557904578,25.810000000000002
nbt832,400,10296.0,1.84,0.6321443263307509,1.0,25.74
sgx951,401,10293.67,2.32,0.586521585332553,0.9799283470180372,25.67
suk912,400,10292.0,2.3,0.8161987215120412,0.7509740676436275,25.73
fmd006,400,10292.0,2.11,0.8945082783723923,0.7618087423025452,25.73
srt876,400,10292.0,2.18,1.0,0.9855930529974624,25.73
lwi239,401,10289.66,1.91,0.9596646831383806,0.7829662300759676,25.66
fqw902,400,10288.0,1.93,0.6789824568471032,1.0,25.72
lrm529,399,10286.22,2.14,1.0,0.7993209085971964,25.779999999999998
shc749,399,10286.22,1.72,0.9103730511008064,0.817550123654419,25.779999999999998
ene673,398,10284.32,2.04,0.9581048741253207,0.740652328308081,25.84
cjk371,398,10284.32,2.05,1.0,0.9347653696238768,25.84
gmq225,400,10284.0,1.78,0.9001280414529689,0.9015551158115448,25.71
ljc898,397,10282.3,2.17,0.7274655067573346,0.7345102895987596,25.9
wej968,401,10281.64,1.84,0.8760902012781294,0.8961347512552748,25.639999999999997
cea200,398,10280.34,1.87,1.0,0.7253829554905865,25.830000000000002
jzr879,401,10277.63,1.97,0.6253239843641105,1.0,25.63
sqz973,401,10273.62,1.92,0.7771120909854325,0.3973215964396083,25.62
zmc884,401,10273.62,1.64,0.734140919898038,0.7114363523826015,25.62
cok693,397,10270.39,2.16,0.7230553102227439,0.9094722268512524,25.869999999999997
ljq115,399,10270.26,1.86,0.7906860595694742,0.343198360396454,25.740000000000002
xwc608,398,10268.4,2.19,0.7915229553755802,1.0,25.8
hyg486,400,10268.0,2.1,0.6890760238865733,0.7978387991522832,25.67
fxw907,402,10267.08,1.92,0.7493597014922566,0.6369247608535096,25.54
pud308,399,10266.27,1.98,0.7287132389876255,0.9363666517598964,25.73
pnt893,400,10264.0,1.52,0.6316491846623326,0.919299584926683,25.66
xwb704,399,10262.28,1.72,0.6549739108989828,0.6800667766028037,25.720000000000002
art449,399,10262.28,2.07,0.5846719187536618,0.6720501729878122,25.720000000000002
nnp058,401,10261.59,1.99,0.9866847742256292,0.8876121579636784,25.59
dth523,400,10260.0,1.86,0.9758591778144144,1.0,25.65
bsa880,400,10260.0,1.92,0.7837524637637168,1.0,25.65
woc177,402,10259.04,2.04,1.0,0.5836420408408807,25.520000000000003
asq501,399,10258.29,1.97,0.7201132525663068,0.6763241183217737,25.71
qfm433,401,10257.58,2.05,1.0,1.0,25.58
gez093,398,10256.46,1.91,0.983270271037514,0.8602288145485553,25.77
utu574,399,10254.3,1.78,0.676633734328477,0.7065723063011963,25.7
jzm204,399,10254.3,1.93,0.799420221668936,0.9154483553141468,25.7
bye818,399,10254.3,1.89,0.4898794596839149,0.4673854063805713,25.7
iku054,401,10253.57,1.96,0.6052500467379602,1.0,25.57
rqb120,401,10253.57,2.11,0.7460640601586389,0.7702288708934959,25.57
pos169,401,10253.57,1.81,0.7322073071317577,0.937613471132804,25.57
lqb528,400,10252.0,2.02,0.7887056812858565,1.0,25.63
atv582,399,10250.31,1.94,0.661564830679458,0.6243627242021866,25.689999999999998
wam499,397,10246.57,2.16,0.2782638432237114,0.7468849078632731,25.81
ejt426,401,10245.55,1.73,1.0,0.4553839806628221,25.549999999999997
yfa611,400,10244.0,2.12,1.0,0.8952346447587197,25.61
lkj698,397,10242.6,1.84,0.3696155778030248,0.5258992217841337,25.8
dxh675,399,10242.33,1.82,1.0,0.7104134921397169,25.669999999999998
mbv240,400,10240.0,1.9,0.7368091774875518,0.714148268372592,25.6
mvj376,400,10240.0,2.26,1.0,1.0,25.6
jcj397,399,10238.34,2.03,0.7792140345591264,1.0,25.66
wlr166,398,10236.56,1.85,0.6002461224772916,0.7811781553583456,25.72
efp250,400,10236.0,1.61,0.6010616572229548,0.8726185469587953,25.59
ejd726,400,10232.0,1.88,0.5656071923669279,0.6908450797971937,25.58
vtj980,399,10230.36,1.92,0.745303967226732,0.819643587398129,25.64
bio613,399,10230.36,2.02,0.9598373850562644,0.652452500673359,25.64
tty230,400,10228.0,2.27,0.7321223919212938,0.8642295738021881,25.57
qkk326,398,10224.62,1.71,0.6909075274483448,0.6824887700196027,25.69
hww918,399,10222.38,1.66,1.0,0.9989712029730974,25.619999999999997
sre977,400,10220.0,1.46,0.8356018481457292,0.7125946743682735,25.55
knl971,399,10218.39,1.82,0.8737477217834717,0.8584148790270428,25.61
tyk548,399,10218.39,2.18,0.7466009686184985,0.6988803843339223,25.61
tcy903,398,10216.66,1.94,0.5741394828385858,1.0,25.669999999999998
nik829,400,10216.0,1.75,0.7752684113336392,0.9446213369031812,25.54
hlu157,401,10213.47,1.86,0.8488765481637524,0.9962457341944178,25.47
ttm667,398,10212.68,1.8,1.0,0.5393858887459029,25.66
nne398,400,10212.0,1.89,1.0,0.7919724265912907,25.53
apt033,400,10212.0,1.96,1.0,0.7500499853457855,25.53
lfu359,401,10209.46,2.01,0.5241164109533367,0.6917878788738903,25.459999999999997
wrm948,399,10206.42,1.88,0.8945680526236366,0.8898398139170914,25.580000000000002
ktf031,399,10206.42,2.12,0.899935205059625,0.7796577465291067,25.580000000000002
lkt393,399,10202.43,1.92,1.0,0.8678582957279207,25.57
gvx131,400,10200.0,1.75,0.966225792928143,0.9505534134118798,25.5
irb235,400,10200.0,2.01,0.3932613440093664,0.7612083315657344,25.5
fay812,398,10196.76,1.57,0.7296832157462392,0.4919179630944164,25.62
xth481,400,10196.0,1.73,1.0,0.7728837270452514,25.49
mcy156,398,10192.78,1.9,0.7342041762797216,0.684549066933229,25.610000000000003
suk256,398,10192.78,1.8,0.3844797274909526,0.5256086221648564,25.610000000000003
ywl358,399,10190.46,1.98,1.0,0.9553059216498142,25.54
oqr373,399,10190.46,1.62,1.0,0.8762960482391373,25.54
pes873,398,10188.8,2.22,1.0,0.6781692303784932,25.599999999999998
sdk510,399,10186.47,1.81,0.4930063096561248,0.682064375692376,25.529999999999998
lbd365,399,10182.48,1.89,0.5701865624895167,0.6468648271884878,25.52
xmn296,400,10180.0,1.85,0.7626220523160048,0.8003056924130354,25.45
efi806,399,10178.49,2.06,0.6402721739784214,0.6084590596456614,25.509999999999998
atu897,399,10174.5,1.97,0.994038634693177,0.7607001487466895,25.5
rrv839,400,10172.0,1.79,0.9398169652650138,0.8022121242661099,25.43
rea227,401,10169.36,1.7,0.8812097367508308,1.0,25.360000000000003
wer524,401,10169.36,2.02,0.6560021551902676,0.9317055751025088,25.360000000000003
xlo205,398,10164.92,2.21,0.7675332684390045,1.0,25.54
euh150,399,10162.53,2.05,1.0,1.0,25.470000000000002
jpe581,401,10161.34,1.77,0.4182067381195622,0.4267471730100524,25.34
mhi830,398,10160.94,2.21,0.6875038835634952,0.6341936439701359,25.53
fah180,400,10160.0,1.99,0.7878516239678932,0.3744095435270684,25.4
vmt968,401,10157.33,1.96,0.6962477495640168,0.6995291730112303,25.33
bnl731,398,10156.96,1.94,0.5124407642563651,1.0,25.52
rxg170,400,10156.0,1.72,1.0,0.6422127896417066,25.39
xwg108,400,10156.0,1.79,0.6955456373110165,0.6182178210475846,25.39
wuv374,397,10155.26,1.83,0.9769510508624546,0.9853796022128556,25.580000000000002
klc207,399,10154.55,1.7,0.7596099946858152,0.6285014097311881,25.45
nmx522,400,10152.0,2.14,1.0,0.5726256125474577,25.38
zet097,401,10149.31,1.59,1.0,0.7861620518143327,25.31
ofn895,402,10146.48,2.21,0.7279413262614503,0.8254383674280548,25.24
bpo589,400,10144.0,1.97,1.0,0.3897118250519368,25.36
ual842,400,10144.0,1.71,0.6398671629719285,0.8639837037355269,25.36
udq600,402,10142.46,1.94,0.5533118554968475,0.6831949953159027,25.229999999999997
chz712,399,10138.59,1.81,0.521646505239322,0.9625989298945772,25.41
sji299,399,10138.59,1.42,1.0,0.8677748654585793,25.41
ybx361,401,10137.28,1.38,1.0,0.542135422731792,25.28
jcy773,399,10134.6,1.56,0.346215924381912,0.640540714295398,25.400000000000002
pgs835,399,10134.6,2.39,0.4004122653992341,1.0,25.400000000000002
uut743,401,10129.26,1.8,0.7211247830586884,0.6515540555929886,25.26
jxx235,398,10129.1,2.15,0.6666716994961818,0.769438632784288,25.45
rwo476,399,10126.62,1.7,0.8751404951470102,0.7930758430461377,25.380000000000003
atq263,399,10126.62,1.9,0.9668909915535656,0.9316402329699098,25.380000000000003
lku420,400,10124.0,1.48,0.7200474355029298,0.8007348210449603,25.31
mvt308,400,10124.0,1.77,0.7087354292809346,0.5745243325185717,25.31
zfd035,399,10122.63,2.08,0.8250190219112563,0.7629500632319121,25.369999999999997
yxk228,400,10120.0,2.09,0.748785754990125,0.896190431829387,25.3
tix349,399,10118.64,1.85,0.7099419533260455,0.5776151007130892,25.36
bya741,399,10118.64,1.93,0.6629840280057169,0.649276298403813,25.36
gld892,399,10118.64,2.0,0.9969548403410166,1.0,25.36
cbf264,401,10117.23,1.81,1.0,0.8442567469931516,25.23
snz685,400,10116.0,1.87,0.744982451126845,1.0,25.29
owi466,400,10112.0,1.67,0.6317823009384979,1.0,25.28
jgh845,397,10111.59,1.59,1.0,0.6626844168690698,25.47
hvl079,397,10111.59,2.13,0.9047256960880188,0.5038084835000725,25.47
nes626,400,10108.0,1.98,0.9098786911049718,1.0,25.27
nfn977,401,10105.2,1.75,0.6198191319469964,1.0,25.200000000000003
qok502,399,10102.68,1.85,0.7974427765813833,0.5100033646782418,25.32
ltk939,399,10098.69,2.12,0.5524955189160615,0.8798085880087745,25.310000000000002
chl124,400,10096.0,1.84,0.8265352082606814,0.8165267493951929,25.24
hiu548,400,10096.0,1.7,0.3657891020200092,0.6856565166541544,25.24
hlh448,399,10094.7,1.99,0.9050110358519964,0.7831373406623202,25.3
bts397,399,10094.7,1.92,1.0,0.6625029917972389,25.3
vsc894,399,10094.7,2.16,0.9974695309888846,0.9282622829320082,25.3
ess850,401,10093.17,2.06,0.7592924279350923,0.9431435074257198,25.17
nse559,400,10088.0,1.57,1.0,0.5875663702186097,25.22
ncj258,400,10084.0,2.36,0.9029248426077048,1.0,25.21
ijs951,398,10081.34,1.85,1.0,1.0,25.330000000000002
rlg749,401,10077.13,1.94,0.8214865835754182,0.7631385234884935,25.13
myl469,401,10077.13,1.97,0.9204384156628704,0.7250170863341988,25.13
mun245,399,10074.75,1.75,1.0,1.0,25.25
ffu702,400,10072.0,1.91,1.0,0.3665793258691113,25.18
rva849,397,10071.89,1.8,0.6082609851244547,0.733861668436935,25.369999999999997
esg142,399,10070.76,2.03,0.9080872962654228,0.2940128740497785,25.240000000000002
djo742,400,10068.0,1.71,0.8747623265142411,0.658537906533625,25.17
iyw164,400,10068.0,1.97,0.7593297534337728,0.7398674631445621,25.17
yha935,399,10066.77,2.16,0.9058200629895328,1.0,25.23
bqj963,399,10066.77,1.66,0.7938107159541788,0.7977814687577589,25.23
vta765,399,10066.77,2.07,0.6873829673945968,0.9343210878369982,25.23
jaj731,398,10065.42,2.0,0.9694917306425476,0.9139581305460796,25.29
udw310,401,10061.09,1.48,0.3969590226545765,0.8470289294953373,25.09
xgr950,400,10060.0,1.82,0.5946695280765021,0.870340952891868,25.15
umd901,400,10060.0,1.89,0.7815890719781313,0.9288196155861616,25.15
fbe546,397,10059.98,1.75,1.0,1.0,25.34
phb981,399,10058.79,2.17,0.8768512061773921,1.0,25.21
mxs981,398,10057.46,1.95,0.5806395074840416,1.0,25.27
sys698,400,10056.0,1.82,0.755354970966903,0.8190158824708033,25.14
gfi514,399,10054.8,1.81,0.8991865496847483,0.945819002628302,25.2
auj322,401,10049.06,2.1,0.7315970518637278,0.7577067860206589,25.06
btv063,401,10049.06,1.91,0.5298778714364969,0.6109033470047504,25.06
axh927,399,10046.82,1.63,0.851314612685226,0.7727444537378068,25.18
huo525,398,10045.52,2.23,1.0,0.7550709773417419,25.240000000000002
gan663,401,10045.05,2.08,0.9162629465769814,0.8265315856284751,25.049999999999997
kru074,400,10044.0,1.75,0.9278634799576928,0.7555408934477897,25.11
pla856,399,10042.83,2.51,0.901815980896414,0.7649791379742918,25.169999999999998
oys585,398,10041.54,1.85,0.6119542408929136,0.9649564088166294,25.23
raz692,400,10040.0,1.99,0.6137740876640786,0.904964503906281,25.1
zxs780,398,10037.56,1.74,0.7982196658023732,1.0,25.22
etn562,401,10029.01,1.97,0.7274576551753498,0.5323520376771202,25.01
xjz882,401,10029.01,1.86,0.6641862204688435,0.9491057801820548,25.01
gay557,401,10029.01,2.09,0.8262168944667511,0.53796036409742,25.01
wup746,400,10028.0,1.95,0.8823330821247677,0.8332832743968652,25.07
fjh084,400,10024.0,1.86,0.973338971156032,0.9393630326253556,25.06
qip461,401,10020.99,1.72,0.7356651144901875,0.8018003719701633,24.99
kel300,399,10018.89,2.01,1.0,0.7047970375515611,25.11
bqd503,399,10014.9,1.51,0.7984244581077324,0.769871414328301,25.099999999999998
yon504,401,10012.97,1.81,0.8050356506590274,0.7305798718649453,24.97
erd914,400,10012.0,1.8,0.720556418931001,1.0,25.03
oak149,399,10010.91,1.66,0.8116133621701151,0.719942982487953,25.09
xft607,399,10010.91,1.77,0.6116644359971614,0.7014815916877316,25.09
ldu858,398,10009.7,2.19,0.4492156598869508,1.0,25.150000000000002
cxb536,400,10008.0,1.92,0.4149950577408991,0.8421410077359113,25.02
ttm033,400,10008.0,1.68,0.7470152191923258,0.780887440213185,25.02
ayk461,399,10006.92,1.66,0.9708695505334471,1.0,25.080000000000002
wnp826,399,10006.92,1.58,0.620143481107933,0.9399799430403484,25.080000000000002
drk343,399,10006.92,1.78,0.6655814146471644,1.0,25.080000000000002
skn624,399,10006.92,1.74,0.6380426921995256,0.8331920802157173,25.080000000000002
los241,401,10004.95,1.85,0.940327346676795,0.6837128987981682,24.950000000000003
pzn510,397,10004.4,1.88,0.7076876215263673,0.4182618945393487,25.2
xnt524,400,10000.0,2.15,0.5411360923613184,0.7612700739123088,25.0
zgj821,399,9998.94,2.12,0.964278478116434,1.0,25.060000000000002
xmt937,399,9998.94,1.82,0.5741686627567597,1.0,25.060000000000002
lof424,401,9996.93,2.01,0.571491941671739,0.9337583028756334,24.93
upe690,400,9996.0,1.88,1.0,0.7632058179872014,24.99
lzx059,399,9994.95,1.61,1.0,0.7312048516644235,25.05
oem521,399,9994.95,1.99,0.6544607292613133,0.9045833187737898,25.05
wla885,401,9992.92,1.62,1.0,1.0,24.92
dms400,401,9992.92,2.09,0.7639436187673073,0.9443462444480168,24.92
dyr208,401,9992.92,2.12,1.0,0.8437157519967861,24.92
hqs456,400,9992.0,1.62,0.9244787893693536,0.8960349182532498,24.98
xaw622,400,9992.0,2.1,0.9667276121298706,0.854044386624913,24.98
pkr781,402,9989.7,1.68,0.9409376110338944,0.4648819207602886,24.85
vwb648,400,9988.0,1.93,1.0,0.9958689194627552,24.97
gjb383,400,9988.0,1.89,0.6899173020095709,0.8999592927240772,24.97
qmj965,400,9988.0,2.19,1.0,0.770238747535876,24.97
fvc582,399,9986.97,1.89,0.6253202088389987,0.855722683819292,25.029999999999998
obl214,399,9986.97,1.79,0.8418073057262743,0.948858013205191,25.029999999999998
hcb454,400,9984.0,2.13,0.7492852805277298,0.827720981379255,24.96
vgg571,400,9984.0,2.23,1.0,0.5738438097629799,24.96
zaf195,400,9980.0,2.11,0.6722000281055044,0.948387014286602,24.95
vbe129,400,9980.0,2.02,0.92161041211954,1.0,24.95
osr142,401,9976.88,1.76,0.7692072119956924,0.3948994661693039,24.88
anm762,399,9975.0,1.66,0.7568583962711722,0.6203938591877917,25.0
qla243,400,9972.0,1.69,0.6215477191094795,0.6023505605917349,24.93
evm837,400,9972.0,2.38,1.0,0.8943098662007182,24.93
fbw072,400,9972.0,1.79,0.7037507283973445,0.9145665845415564,24.93
woe598,400,9972.0,2.17,0.7113869709927987,0.8997057904031134,24.93
snq013,399,9971.01,2.06,0.9390709016665764,0.7615134401645081,24.990000000000002
vnn561,399,9971.01,1.97,0.8055260351067729,0.4895522182686906,24.990000000000002
pgp117,399,9967.02,1.97,1.0,0.6897689051807286,24.98
ovd121,401,9964.85,1.85,0.9603736655371587,0.7012819130544,24.85
cry383,400,9964.0,2.04,0.8109739642694542,0.7520502736216033,24.91
sjj721,399,9963.03,1.83,0.373331350219503,0.655015123986837,24.970000000000002
xgv196,398,9961.94,1.86,0.8879298353058107,0.7018175863290517,25.03
kxz124,400,9960.0,2.13,0.5633741744748425,0.988151396894084,24.9
sja069,399,9959.04,1.92,0.8472684495969453,0.6056268432146622,24.96
mqz962,399,9959.04,1.96,0.6893621226826121,1.0,24.96
chv455,401,9956.83,1.91,1.0,0.6616313661043135,24.83
gbc262,399,9955.05,1.64,1.0,0.837177309304228,24.95
llh724,399,9951.06,2.26,0.8563459483881614,0.9933542361870632,24.939999999999998
rkz693,401,9948.81,1.9,1.0,0.3681223939740775,24.81
caq333,401,9948.81,1.79,0.9844712319685684,0.6047374129701839,24.81
hlr438,401,9948.81,2.04,1.0,0.7921024290613954,24.81
cwk988,399,9947.07,1.98,0.9888632895410135,0.7823271464798243,24.93
evf972,399,9947.07,1.83,0.8476977786204803,1.0,24.93
bki033,401,9944.8,2.33,0.4508832180289439,1.0,24.799999999999997
mxi837,400,9944.0,2.15,0.6829965533010572,1.0,24.86
hdx201,398,9942.04,1.98,0.5137611792043879,1.0,24.98
moo281,400,9940.0,2.1,0.9247553615961478,0.8648748409817807,24.85
dva987,400,9940.0,1.97,0.8965654196903186,1.0,24.85
dub867,400,9940.0,1.69,0.9025128629275204,0.8489255578906445,24.85
irw351,399,9939.09,1.97,0.5778864140653451,0.8570361964305057,24.91
xau308,399,9939.09,1.62,1.0,0.6232794008393747,24.91
ics173,398,9938.06,1.77,0.6597897949848279,0.6568495424226357,24.97
mjb960,401,9936.78,2.06,0.8161827195284871,0.9042217829318668,24.78
zbo650,400,9936.0,1.56,0.5905048672809224,0.8450366020325583,24.84
mzz594,398,9934.08,2.15,0.7140735840940587,0.4288309473094566,24.96
jcx575,398,9934.08,1.97,0.6939969552208476,0.5856398813873344,24.96
sbb524,398,9926.12,1.66,1.0,0.9632302142594612,24.94
xfa586,400,9924.0,1.94,0.9065771150760076,0.7132093752585491,24.81
vfh498,399,9923.13,1.84,1.0,0.69229398211139,24.869999999999997
sof006,397,9921.03,1.85,0.8687464876089084,0.6678035962259684,24.990000000000002
epx090,401,9920.74,1.59,1.0,1.0,24.74
syx559,401,9920.74,2.0,0.9518797347626524,0.9215364287645652,24.74
pzg891,400,9920.0,2.09,0.5996189589540724,1.0,24.8
qln877,399,9915.15,1.79,0.3622103911975436,0.7449928079491727,24.849999999999998
gtv917,399,9915.15,1.97,0.9301249133055276,0.605249331101772,24.849999999999998
zlk175,400,9912.0,2.11,0.9153685533322792,0.7675197693438324,24.78
drq456,399,9911.16,1.95,0.5003074041172888,0.757332611396457,24.84
rds075,399,9911.16,1.83,0.6081695853850735,0.8901341663104961,24.84
ypt140,400,9908.0,1.89,0.6829850212965276,1.0,24.77
dps967,400,9908.0,1.76,0.4849153350613499,0.3790191428670162,24.77
aco638,400,9908.0,1.95,0.4951493571724954,0.7451488140719151,24.77
ifb692,399,9907.17,2.14,1.0,0.7592851060069298,24.830000000000002
lht328,399,9907.17,1.9,1.0,0.9982515886527612,24.830000000000002
rtl207,400,9900.0,2.0,0.738423840771034,0.7923690444228372,24.75
vey938,400,9900.0,2.24,1.0,0.7289603979637623,24.75
xhc615,401,9896.68,1.84,0.9028544170709863,0.913614579790004,24.68
dqk485,401,9892.67,1.59,0.8979720431206286,0.4647396820190617,24.67
xzw917,399,9891.21,2.19,0.7195416583310456,0.8983557320864902,24.79
ttf806,402,9889.2,2.32,0.5317874233650248,0.9285535181495402,24.6
rum318,400,9888.0,1.92,0.9378939808003528,0.8109212110825368,24.72
kqk803,400,9888.0,2.04,0.9270577376530812,0.8065934314415562,24.72
cdb216,399,9887.22,1.82,0.9079379611797036,0.6312429944454134,24.779999999999998
see357,401,9884.65,2.14,0.8962273079922854,1.0,24.65
htj058,400,9884.0,1.87,0.767011885920051,0.7165144571994182,24.71
cox684,400,9884.0,1.68,1.0,0.588602099413579,24.71
dqg569,400,9884.0,1.95,0.7559570158645523,0.951680084539424,24.71
uyr417,399,9883.23,2.04,0.8353881843584452,1.0,24.77
jcp301,399,9883.23,2.01,1.0,0.9221269366871936,24.77
zzn173,400,9876.0,1.78,0.6740391572419017,0.6471774393731814,24.69
nuf482,400,9876.0,2.07,0.770412578640689,1.0,24.69
hkx570,399,9875.25,1.75,0.5858290176964418,1.0,24.75
qlk168,399,9871.26,1.91,1.0,0.5220437987557787,24.740000000000002
war946,435,9867.27,2.13,0.7805341793275976,0.5519593208583861,22.68337931034483
app153,398,9866.42,1.91,0.548644397618687,0.7899000557184523,24.79
znb013,401,9864.6,2.24,1.0,0.862462851677346,24.6
mto218,401,9864.6,2.26,0.7497093544653994,0.889900262752302,24.6
jmp829,400,9864.0,1.54,0.880191104433659,0.9068808157214812,24.66
uwy786,400,9864.0,1.88,0.7367931319712846,1.0,24.66
lxx956,401,9860.59,1.97,0.70895798670751,0.7115291676802677,24.59
cqu633,400,9860.0,2.26,0.9408684688048524,0.8444912991018605,24.65
hxk450,398,9858.46,1.69,0.5513701592209638,0.8662876701518467,24.77
akj636,400,9852.0,1.88,0.8632816151774956,0.9697763888307014,24.63
mwl740,399,9851.31,2.07,0.8686145819790168,0.897270367804516,24.689999999999998
jgp693,398,9850.5,1.95,0.9886318799378444,1.0,24.75
ams522,400,9848.0,1.85,0.4010698302155595,1.0,24.62
fso851,399,9843.33,2.22,1.0,1.0,24.669999999999998
sgr029,400,9840.0,1.57,0.7136583926730176,0.918890033559519,24.6
ijt658,398,9834.58,1.88,0.4554130750072143,0.8645548734173927,24.71
xyk007,400,9832.0,1.95,0.8091220304319318,0.5872212270664968,24.58
wfa836,399,9831.36,2.03,0.5692563769077964,1.0,24.64
axn042,401,9828.51,1.91,0.6249393838608539,0.6734844264942429,24.51
ihs023,400,9828.0,2.05,0.7123655826329951,0.8324811138225177,24.57
wvy474,399,9827.37,1.89,0.5030816826648539,0.6779286560595249,24.630000000000003
tmo560,400,9824.0,1.96,0.8179582922761239,0.6798590340524463,24.56
syk393,400,9824.0,1.95,0.9334357566622496,0.7114288048632976,24.56
inr258,399,9823.38,1.75,1.0,0.9722093929328922,24.619999999999997
pgc985,398,9822.64,2.2,0.9516536075896236,0.8205840465556332,24.68
lmw320,398,9814.68,1.96,0.8626770531560591,0.4907043403113147,24.66
mlf732,398,9814.68,1.55,0.5671333979180424,0.6520878428906829,24.66
sgh150,400,9812.0,2.07,0.9757195987977604,0.789564773897296,24.53
cfp857,400,9812.0,1.58,0.8175112038003491,0.6311755241143842,24.53
kvd869,399,9811.41,2.14,0.6114697512932619,0.3373128442130375,24.59
lpq240,400,9808.0,2.15,0.7810905751644148,1.0,24.52
oil776,400,9808.0,1.92,0.8033603504291503,0.3830756882560426,24.52
coc236,398,9806.72,1.85,0.8377032418058475,0.9506158247571632,24.639999999999997
nur869,401,9804.45,2.11,0.636554388667795,0.7357976703349114,24.450000000000003
qkf168,401,9804.45,1.83,0.7947616627243074,0.961311888462174,24.450000000000003
nbp137,401,9800.44,2.0,0.3964693463918259,0.8913843117540687,24.44
prx264,399,9799.44,2.14,0.5412203541273175,0.9158422793538008,24.560000000000002
gzk330,399,9799.44,1.81,1.0,0.7665842628621142,24.560000000000002
hho457,398,9798.76,1.53,0.7862269395497821,0.8932607321307307,24.62
ixp586,398,9798.76,1.86,0.508814951559989,1.0,24.62
vvc911,401,9796.43,2.34614,0.8139407232805556,0.8635091907779104,24.43
pug725,399,9795.45,2.07,0.6870818137723859,1.0,24.55
ubz675,398,9794.78,1.87,0.9067641333990116,0.9620370627592028,24.610000000000003
qkv914,397,9793.99,1.86,0.8049819047706558,0.9434026972349387,24.669999999999998
gcx673,401,9792.42,1.75,0.778907424259183,0.5158461156455967,24.42
usb539,399,9791.46,1.87,0.9067197284027626,0.7630375546964083,24.54
pqp477,399,9791.46,1.79,0.7326118120240134,0.7035610886427485,24.54
fax948,399,9791.46,1.85,0.9495372441732742,1.0,24.54
bfw550,401,9788.41,2.13,0.8600739288464748,1.0,24.41
tmi279,401,9788.41,1.78,0.5662560586950658,0.8533206666394654,24.41
fkd847,400,9788.0,1.88,0.784350268873685,0.8680190518589026,24.47
cap118,401,9784.4,2.47,0.6967527310525771,0.8000320861210285,24.4
lap402,399,9783.48,1.77,0.710208438996733,0.8267641461896846,24.52
fjk837,399,9783.48,1.58,0.4055443692057314,0.676435445838717,24.52
gui290,399,9771.51,2.01,1.0,0.6660869476626623,24.490000000000002
mpu803,401,9768.36,1.86,0.4324742718109963,0.7552893879064372,24.360000000000003
mam475,398,9766.92,1.68,0.8846848081887494,0.6818115592886772,24.54
cqb882,397,9766.2,1.6,0.6196753935442916,0.7711516953471879,24.6
tsd570,400,9764.0,1.87,1.0,0.8109663602726997,24.41
xdq620,401,9760.34,1.97,0.7988941122844404,0.6689248939808494,24.34
zof179,399,9759.54,1.91,1.0,0.9189855211031992,24.46
ukk084,399,9759.54,1.97,1.0,0.9838245251258924,24.46
fyc998,399,9759.54,2.19,0.8072924528742385,0.883239645206944,24.46
ppq177,401,9756.33,1.89,0.714400020417505,1.0,24.33
gro074,399,9755.55,2.2,1.0,0.966434086283466,24.45
eev624,398,9754.98,1.89,0.7100898470575222,0.5862713448446628,24.509999999999998
tgd794,401,9752.32,1.95,0.6625942019550508,0.7904058069715287,24.32
dsa431,400,9752.0,1.97,0.7460062781446948,0.4561587915929518,24.38
ofc947,399,9751.56,2.16,0.6290765380612331,0.465817624526792,24.439999999999998
mpe881,400,9748.0,2.06,0.8265010501870329,0.5883545807273977,24.37
sho542,399,9747.57,1.7,0.9949701053080056,0.6464649965473741,24.43
hmj586,399,9747.57,2.22,0.7807688138991387,0.881032974160923,24.43
qdq842,400,9744.0,1.85,0.8866586482487825,0.8033094558053699,24.36
eby924,400,9740.0,1.68,0.7130395859751406,0.7141889419000873,24.35
cai528,400,9740.0,2.17,0.2987917977010098,0.4750620389055359,24.35
gcd317,399,9739.59,1.97,0.8859160094982642,0.3955066140557084,24.41
izr449,401,9732.27,1.6,0.7184506692130569,0.6221583254982592,24.27
ywd282,399,9731.61,1.83,1.0,1.0,24.39
fog272,398,9731.1,1.84,0.5801394252599745,0.6903370462008112,24.45
aqh288,401,9728.26,1.58,0.8911198151363938,0.940922571516144,24.26
doa613,401,9728.26,1.77,0.9221985600874646,0.8152142414233671,24.26
hoc035,400,9728.0,1.97,0.6852850570711173,0.8497195267649654,24.32
kee124,400,9728.0,2.07,1.0,0.6611599990751262,24.32
kwh816,401,9724.25,1.95,1.0,0.6393915228529833,24.25
pqv078,400,9724.0,1.91,0.7926320022513879,0.4078164274511843,24.31
cww089,400,9724.0,1.48,0.6785429775821031,0.7754188443707254,24.31
gbk066,400,9724.0,2.15,0.7861905244660083,0.5982989448546698,24.31
pnj785,399,9723.63,2.1,0.7812879365263303,0.5002646292297968,24.369999999999997
nme480,400,9720.0,1.99,1.0,0.5117622760888273,24.3
sfb868,400,9720.0,1.87,0.4770377728926631,1.0,24.3
xkx070,399,9719.64,1.86,0.9546438134860602,0.6656063454529553,24.36
kfa792,398,9719.16,2.13,0.4420742335281233,0.7880171130262836,24.419999999999998
wdf586,400,9716.0,2.05,0.9818161043312584,0.760698559946609,24.29
mdb311,400,9716.0,1.98,0.6711967052954655,0.7404125082327938,24.29
kaz983,400,9712.0,1.92,0.8142445955170002,0.77862228618031,24.28
uoc827,400,9712.0,2.09,0.6869713754598418,0.959690109518775,24.28
zor366,400,9712.0,2.12,1.0,1.0,24.28
wqu550,399,9711.66,1.85,0.8000603407839117,0.8086217307093861,24.34
zkc047,400,9708.0,1.86,0.7183145189160731,0.621360443971201,24.27
xlf251,399,9707.67,1.85,0.8560151691804506,0.553886242097541,24.330000000000002
bse929,399,9707.67,1.96,0.6022041610846263,1.0,24.330000000000002
ubw521,398,9707.22,2.28,0.7611261170917996,0.8421906241128274,24.389999999999997
rkq651,398,9707.22,2.06,0.9680911790106896,0.985326268445466,24.389999999999997
lrv297,401,9704.2,1.81,0.8705622874905178,0.8559111049572596,24.200000000000003
bnu788,400,9704.0,1.99,0.5462985669119729,0.7945199462315642,24.26
chm268,399,9699.69,1.72,0.905157876337992,0.53315627380048,24.310000000000002
jcy741,399,9699.69,1.75,0.5428361845358399,0.467509149473841,24.310000000000002
wxw750,401,9696.18,1.73,0.6962441025571628,0.9220631377357588,24.18
wpc336,400,9696.0,1.84,0.9054194779188536,0.625935415787445,24.24
yib361,400,9696.0,1.74,1.0,0.9802749246769646,24.24
vxk024,400,9696.0,1.84,0.8497570453172232,0.9811950343396896,24.24
elx904,399,9695.7,1.84,0.5587244800797592,0.8892885907249963,24.3
vwh959,398,9695.28,1.69,0.8879434599293967,0.7710002183310708,24.360000000000003
qzx032,398,9695.28,2.04,0.6565264691400292,0.6412496037991146,24.360000000000003
qmg197,401,9692.17,1.97,0.7495485473506438,0.95537546649492,24.17
asr681,400,9692.0,1.17,1.0,1.0,24.23
jrh040,399,9691.71,1.91,0.9429059235683188,0.8779378505098892,24.29
yac606,399,9691.71,1.86,0.8770366354881212,0.9066325517401408,24.29
jmj813,401,9688.16,1.93,0.7146752480743228,0.6439657921077605,24.16
jdi290,401,9688.16,1.88,0.5028191809195635,0.7281413618750111,24.16
qwm561,399,9687.72,2.36,0.6328182718451829,0.6397060603472943,24.279999999999998
hph709,399,9687.72,2.06,0.7393471728304764,0.6973947374843547,24.279999999999998
oij158,399,9687.72,2.22,0.7159722595137271,0.8087604332793428,24.279999999999998
ziy885,399,9687.72,1.8,1.0,0.9836319351927088,24.279999999999998
vdm358,398,9687.32,1.71,0.6095367066064525,0.8042543248198837,24.34
eoi059,400,9684.0,2.12,1.0,0.7006534386347913,24.21
zrs307,399,9683.73,1.87,1.0,1.0,24.27
jvn772,399,9683.73,2.04,1.0,0.914746456580973,24.27
fmf289,400,9676.0,2.17,0.7625388105596254,0.7825171532604963,24.19
opa544,399,9675.75,2.0,0.913206689264774,0.6961960342009994,24.25
iyu395,399,9671.76,1.75,0.8007652843618127,0.4983732450242559,24.240000000000002
ejw567,401,9668.11,2.03,1.0,0.7792880696178777,24.110000000000003
sot516,400,9664.0,2.02,0.8109170605923935,0.91597334815073,24.16
udb200,400,9664.0,1.94,0.7011002237740527,0.7096169826590606,24.16
ulc076,400,9660.0,1.73,0.9443346173882112,0.7991689221150071,24.15
bol060,398,9659.46,1.88,0.8115967817209635,1.0,24.27
kcx863,400,9656.0,1.94,0.7572527462655146,1.0,24.14
jkt439,400,9656.0,2.16,0.5908353851681691,1.0,24.14
trh868,399,9655.8,1.68,0.9596694128862644,0.6469051183011034,24.2
olq342,399,9655.8,1.9,0.9587455902234652,0.6408359852174788,24.2
mlb069,399,9655.8,1.96,0.8427844486197988,0.8120344655718131,24.2
yge470,401,9652.07,2.22,0.3972814868367307,0.5900560182723102,24.07
dnq980,401,9652.07,2.22,0.587305098425667,0.8255968050661889,24.07
zji515,400,9652.0,2.2,0.830110344189487,0.838730461794668,24.13
yxh497,400,9652.0,1.76,0.5391104944517962,0.4603531868632268,24.13
pus039,399,9651.81,2.07,0.6391581828253505,0.7905208639439424,24.189999999999998
rwg816,399,9651.81,2.17,0.4213846567445004,0.8088413740072076,24.189999999999998
alw188,398,9651.5,2.26,0.3504287671487288,0.8034854328162881,24.25
fgc791,399,9647.82,2.21,0.7896563330053521,1.0,24.18
icz004,401,9640.04,2.05,0.6198482835823721,0.7436898598764398,24.040000000000003
rgb983,401,9640.04,1.42,0.6214811113625459,1.0,24.040000000000003
tkv509,400,9640.0,2.0,0.9553135881032022,0.7412240336502268,24.1
dsp700,399,9639.84,2.01,1.0,1.0,24.16
jhb864,400,9636.0,1.9,0.5608737946629885,0.9324890752421156,24.09
jnm590,399,9635.85,1.8,0.7641561910171383,1.0,24.150000000000002
gjh119,399,9635.85,1.98,0.8635565203899047,0.7866235446336135,24.150000000000002
vxk762,399,9635.85,2.05,0.8053618669139111,0.6587351981529295,24.150000000000002
ldk576,400,9632.0,1.79,1.0,0.9192605208384752,24.08
qtg716,400,9628.0,2.18,0.7864691577763075,0.5636678269910356,24.07
tnc412,400,9628.0,2.0,0.8612653050159527,0.7176304564249086,24.07
fys563,400,9628.0,1.79,0.3362285866764123,0.878842660422304,24.07
kpe476,399,9627.87,2.18,1.0,0.5057072761552345,24.130000000000003
jkf061,398,9627.62,1.86,0.5184828846663234,0.3417064808384598,24.19
kdk043,400,9624.0,1.76,0.7050368660287787,0.6697368327229813,24.06
ook855,401,9624.0,1.53,0.7967990311681408,1.0,24.0
cvu372,398,9623.64,2.12,0.7339777373971853,0.6704994650482471,24.18
sty228,400,9620.0,1.87,0.8674882478500443,0.6584000734092945,24.05
bdi107,400,9620.0,1.77,0.8521899669948613,0.2973436238809084,24.05
bwa003,399,9619.89,2.04,0.512806151206975,0.7145711921734756,24.11
hmk011,399,9619.89,1.82,0.4796444238598908,0.863502861626371,24.11
tcx828,399,9619.89,2.01,0.8176570625068774,1.0,24.11
ayw695,400,9612.0,2.13,0.7199248087949943,0.6729130168339854,24.03
ans635,398,9611.7,1.9,0.779472767910887,0.6572536288759623,24.150000000000002
kuc537,400,9608.0,1.65,1.0,0.8151979614694698,24.02
gba574,400,9608.0,2.25,0.6136901360213997,0.7877777963508951,24.02
lra013,400,9608.0,1.76,0.8331941180562612,0.8227657082555114,24.02
bkd284,399,9607.92,1.51,0.411485632644023,0.94678691858635,24.080000000000002
iwq128,400,9604.0,1.92,0.658801573270345,0.8775476822326252,24.01
tkd669,399,9603.93,1.7,1.0,0.6906294610951121,24.07
yvl640,399,9603.93,1.85,0.7456442626614875,1.0,24.07
mje474,399,9603.93,1.95,0.8326083277875729,1.0,24.07
zca037,398,9603.74,1.83,0.5866249577208583,0.7857958702806507,24.13
ntg566,400,9600.0,1.94,0.8985155874545825,0.5198696769775626,24.0
fwn086,399,9599.94,1.7,0.8750089732280092,0.7501361476266584,24.060000000000002
bxi941,400,9596.0,2.07,0.8498757747953621,0.6785339256632694,23.99
fxo134,401,9595.93,1.87,0.7720076461234135,0.6485957319136813,23.93
vtp840,398,9591.8,1.91,0.6617160417432977,0.506124071771088,24.099999999999998
moe606,399,9587.97,1.79,0.6214907943167374,1.0,24.029999999999998
vib219,400,9584.0,2.02,0.3502109241071149,0.8320305348288495,23.96
alv983,400,9584.0,2.03,0.6024840465484399,0.9314733867895494,23.96
yhw227,400,9584.0,1.98,0.8721499447587558,0.695777705963432,23.96
dnj058,400,9584.0,2.14,0.826408975864691,0.6111517018339818,23.96
nbf028,399,9579.99,1.74,0.545713936270118,0.64674093220157,24.009999999999998
hfv290,398,9579.86,1.93,0.901280857955627,0.4287841920852884,24.07
adp129,398,9575.88,2.05,0.9834392539703898,0.9156282576649653,24.06
lvi291,399,9572.01,1.75,0.6421665355683004,0.9602882604482316,23.990000000000002
gqz145,399,9572.01,2.2,0.5668760719675876,1.0,23.990000000000002
feh886,399,9568.02,1.79,0.777407048693971,0.5838249391453477,23.98
zjx641,399,9568.02,1.9,1.0,0.881074508712456,23.98
hxb243,400,9568.0,1.88,1.0,0.7733910977664058,23.92
nky947,401,9567.86,1.77,0.4024891728246781,0.6093492355623603,23.860000000000003
nlh964,399,9564.03,2.09,0.9963134482085334,0.8331308542445678,23.970000000000002
yli980,400,9564.0,1.7,0.9616889354341964,1.0,23.91
diy323,401,9563.85,2.03,0.6861390415980066,0.9533437213636816,23.85
uws199,399,9560.04,2.11,1.0,0.9807489174278908,23.96
cyc779,399,9556.05,1.86,0.6470896636912766,0.8360521976452953,23.95
ulr488,401,9555.83,1.82,0.739238256733896,0.6938602394193211,23.83
oca602,397,9555.79,1.94,0.8274799582082768,0.5500232355628866,24.070000000000004
xeo087,398,9552.0,1.54,0.9582424892561092,0.7280988885896758,24.0
hib703,401,9551.82,2.03,0.7339126689883275,0.9704803713865204,23.82
bqx278,398,9548.02,2.04,0.4794938938756739,1.0,23.990000000000002
yjw443,398,9548.02,1.97,0.365458402938357,0.4694307532791053,23.990000000000002
jmd755,399,9544.08,1.81,0.931078744118788,0.5350124773617662,23.919999999999998
vmv783,399,9544.08,1.73,0.8746216074371717,0.924773887021968,23.919999999999998
bru223,400,9540.0,1.64,0.7766409190407605,0.902388430120918,23.85
zoz718,400,9536.0,2.06,0.7223793919970969,0.8490900525806901,23.84
gop250,399,9532.11,2.11,0.9474341302804754,0.8083217628324483,23.89
fty214,400,9532.0,2.24,0.6317676855841222,0.7307441816698587,23.83
coz323,399,9528.12,2.23,0.9885445494247492,0.958274408738143,23.880000000000003
uff455,399,9528.12,2.12,0.9950570081543104,1.0,23.880000000000003
dbn932,399,9524.13,1.9,0.9780317725008104,0.6897981942340494,23.869999999999997
olt245,400,9524.0,2.12,0.7588128941899924,0.7185616277392358,23.81
ucj250,400,9524.0,1.82,1.0,0.4606976479232516,23.81
qaj332,400,9524.0,1.81,0.6926085613804953,0.8082887752527328,23.81
afq523,400,9524.0,1.98,0.8923530301578486,0.9114861975524712,23.81
cci412,398,9520.16,2.41,1.0,0.8276158101819346,23.919999999999998
ods744,398,9520.16,1.99,0.6309378308000277,1.0,23.919999999999998
siu007,399,9520.14,1.88,0.8760833352498935,0.5983809106256466,23.86
gxr008,400,9520.0,2.09,0.7953870010241564,0.6451418956148082,23.8
hrc034,400,9520.0,1.84,1.0,1.0,23.8
xkl634,400,9520.0,1.78,1.0,0.9921594843811148,23.8
zin542,399,9516.15,1.96,1.0,1.0,23.849999999999998
jok644,399,9516.15,1.87,0.7129766038717327,0.8465163572895558,23.849999999999998
jio316,400,9516.0,2.09,0.9331830319248172,0.6427392274905182,23.79
jsw677,400,9512.0,1.96,0.8338608554009052,0.8028481623085314,23.78
kiq500,400,9512.0,1.89,0.3664717834306487,0.4987618866590819,23.78
ykj721,400,9512.0,2.28,0.6055806484945848,0.55402526810054,23.78
aiq146,401,9511.72,1.81,0.6086560740173061,1.0,23.72
exi422,398,9508.22,1.84,0.6637844791801752,0.7484490744710002,23.889999999999997
aqr090,399,9508.17,1.81,1.0,1.0,23.830000000000002
gef865,399,9504.18,2.09,0.4918662043429866,0.7967952588566651,23.82
rsf810,402,9503.28,1.91,0.5984088388541619,0.7518748664651141,23.64
jhv863,399,9500.19,1.98,0.9253966287339884,1.0,23.810000000000002
use389,399,9500.19,1.77,1.0,1.0,23.810000000000002
leb903,401,9499.69,1.59,0.9776381792894282,1.0,23.69
etm323,398,9492.3,2.06,0.5553841798033765,0.9064603387672104,23.849999999999998
qmv618,399,9492.21,1.88,0.5091438840258293,0.3631701545575215,23.79
mjl357,399,9488.22,1.83,0.6018652738346792,0.6340452333833289,23.779999999999998
mzp472,399,9484.23,1.97,0.9876240088829626,0.7228156882062632,23.77
hvk896,400,9484.0,1.94,1.0,0.6317985691769663,23.71
rmr327,401,9483.65,2.21,0.8021270350161958,0.550005373878994,23.65
xrv715,402,9483.18,2.15,0.9308493868086648,0.895197028169028,23.59
jgr790,399,9480.24,1.9,1.0,1.0,23.759999999999998
gqz429,399,9480.24,1.6,0.7841285049758417,0.8645565658087914,23.759999999999998
oav317,400,9480.0,2.01,0.8894988902904417,0.4885349387492823,23.7
lxv864,399,9476.25,1.71,1.0,0.6735161986606213,23.75
ein403,400,9476.0,2.24,1.0,0.7397750382266994,23.69
tam500,398,9472.4,2.13,0.7943193507432595,0.8413240895324899,23.8
fdw735,399,9468.27,1.95,0.9635456755865108,0.6031528786116422,23.73
xiv634,400,9468.0,2.12,0.7526968055034267,1.0,23.67
tmd805,401,9467.61,1.98,0.7587467716995385,0.8270817857961541,23.610000000000003
ysx488,398,9464.44,1.79,1.0,0.6451414261156081,23.78
fxa175,399,9464.28,1.64,1.0,0.7923001255456178,23.720000000000002
zfj882,400,9464.0,1.83,0.7405857581235084,0.7567363849203723,23.66
hya282,401,9463.6,2.0,0.7610725237784901,0.4738412741556069,23.6
zqg166,399,9460.29,2.37,0.661541556152268,0.9289191554079028,23.71
isc215,399,9456.3,2.02,0.9780915630672758,0.5141902375366355,23.7
vhf897,400,9456.0,1.95,1.0,0.5552033915333132,23.64
iyv383,400,9456.0,1.88,0.889344305117652,1.0,23.64
vyt690,400,9452.0,2.11,0.6733419218785366,0.8302194550585348,23.63
zse580,400,9452.0,1.53,0.6784921820533035,1.0,23.63
hua106,402,9451.02,1.9,0.7112966293091838,0.8116602600484397,23.51
cfi677,399,9448.32,2.15,0.638955932267997,1.0,23.68
agz956,399,9448.32,1.84,0.6366581321339069,0.7089038228982585,23.68
egb162,400,9448.0,1.88,0.5239527022177376,0.6670882127816095,23.62
jza057,401,9447.56,1.72,0.7927837299902892,0.5164390334335567,23.56
mwd461,401,9443.55,1.98,1.0,0.5983492990687321,23.549999999999997
jff857,400,9440.0,1.9,0.9066260322302896,0.688957028340067,23.6
mzm650,400,9440.0,2.14,0.7380529049605355,0.9370308609569316,23.6
idj944,401,9439.54,1.8,1.0,0.7875395625134006,23.540000000000003
wix039,399,9432.36,1.8,0.9011373452714392,0.9483388230406016,23.64
miy545,399,9432.36,1.76,0.9382652217444402,0.4714679144447453,23.64
ofn847,400,9432.0,1.98,0.6840298434211844,0.6951842702006326,23.58
zbr338,401,9431.52,2.18,0.7045483999879909,0.7966577896625892,23.52
pjw188,400,9428.0,1.85,1.0,0.7016656765951017,23.57
tyr287,401,9427.51,2.2,0.8529567438674113,0.953273604101962,23.51
hsq560,402,9426.9,2.15,0.4946051007056262,0.7984853557197736,23.45
mdi227,397,9424.78,1.5,0.9407137199432848,0.8185928697386154,23.740000000000002
auf336,397,9424.78,1.65,0.5477312088641767,0.9861082905443908,23.740000000000002
pxt989,399,9424.38,2.05,0.7401217062963239,0.9252548375988228,23.619999999999997
kdt268,399,9424.38,1.96,0.7611212738576675,0.9157286782067748,23.619999999999997
eyt469,401,9423.5,1.69,0.6318297622499683,0.912344687112342,23.5
jup710,398,9420.66,1.74,0.4242917878208813,1.0,23.669999999999998
nqt088,400,9420.0,1.78,0.9586185658733262,0.9416503960875128,23.55
nax566,401,9419.49,2.15,0.779698981554909,0.7734919314358399,23.49
euu623,401,9419.49,1.74,0.7500260134053285,0.7657325479326652,23.49
jpw330,399,9416.4,1.84,0.9369121313123496,0.576049517493892,23.599999999999998
ujd449,399,9412.41,1.92,0.7012651410309895,0.8614874098656599,23.59
tzw056,399,9412.41,1.9,0.8637693872758113,0.7300312245654529,23.59
hzi143,400,9412.0,1.88,0.8140918117203833,0.5573858983445428,23.53
bbe896,400,9412.0,2.05,0.7752170517014113,1.0,23.53
xvi514,399,9408.42,1.98,0.9753743759523956,0.6713091367795581,23.580000000000002
wii398,400,9408.0,1.97,0.9265883295193336,0.6386904928202315,23.52
mlw576,401,9407.46,1.63,0.8601898229819533,0.4884414459636716,23.459999999999997
ttc860,399,9404.43,2.06,0.8718029785622796,0.6684611265208914,23.57
ylc032,400,9404.0,2.16,0.6264613385274149,0.9518030661138944,23.51
ksl238,399,9396.45,2.01,0.7511803693184469,0.3197131139917598,23.55
kqx452,400,9396.0,1.87,0.8895180069948001,0.5964330594784745,23.49
hxl835,398,9392.8,2.56,0.785664998088922,0.866168147636803,23.599999999999998
bgi281,400,9392.0,1.62,0.7646577040242161,0.6312841531104996,23.48
ynq199,400,9388.0,1.67,0.8221592488504536,0.8915054964611153,23.47
gfn597,398,9384.84,1.78,0.703895694908807,0.5593472049039822,23.580000000000002
qij327,398,9384.84,1.55,0.4739749200725748,1.0,23.580000000000002
psg750,398,9384.84,1.89,0.6194634134544017,0.8944391547705801,23.580000000000002
uwr374,398,9384.84,2.34929,0.9645667520375938,0.594248641785754,23.580000000000002
kny848,399,9384.48,1.97,1.0,0.7362230769095707,23.52
ijj635,399,9380.49,1.68,0.4366765099557887,0.9630638133160818,23.509999999999998
nws159,400,9380.0,1.81,1.0,0.552152729643725,23.45
tlw856,401,9379.39,1.98,0.7783084048008565,1.0,23.389999999999997
fty084,399,9376.5,1.94,0.7582248880963175,0.7402019869415156,23.5
iow092,400,9376.0,2.08,0.6629286501607923,0.619686522348221,23.44
yve581,400,9372.0,1.73,0.5595054880721037,0.5197816109747773,23.43
ibe853,399,9368.52,1.73,1.0,0.6370816458992672,23.48
xpm670,398,9364.94,1.9,0.6066468836262839,0.8573742664539192,23.53
hfn548,399,9364.53,1.98,0.6568797583856087,0.8572668602582755,23.470000000000002
ecr446,399,9364.53,2.08,0.6579669074755995,1.0,23.470000000000002
voe837,400,9364.0,1.97,0.8597946763149568,1.0,23.41
wbm056,401,9363.35,1.9,0.9997884876361948,0.8153277136484639,23.35
bth496,398,9360.96,2.0,0.7688649074171531,0.6983325419332717,23.52
jre100,399,9360.54,2.18,0.5572086276436978,0.8895900862902775,23.46
fvx876,401,9359.34,1.72,0.9108087580975216,0.77843005437823,23.34
ube420,398,9356.98,2.08,0.6974270207682046,0.7851810777048318,23.509999999999998
qix115,399,9356.55,2.13,0.7828596202122129,0.8115175699691267,23.45
nrg089,400,9356.0,1.94,0.557716274160175,1.0,23.39
req522,401,9355.33,1.64,0.7499764607069266,1.0,23.33
kyf712,398,9353.0,1.98,1.0,1.0,23.5
kbg316,399,9352.56,1.69,0.4465400085956739,0.8642511198256829,23.439999999999998
tfr973,401,9351.32,1.71,0.5895569115914956,0.6329462969862238,23.32
two921,401,9351.32,1.95,0.8348309512217547,0.5179303529811363,23.32
mhz422,401,9347.31,1.75,0.3637606529836408,0.6160453789796915,23.31
pmz490,399,9344.58,1.96,0.5397066798660672,0.3411613857259559,23.419999999999998
trd260,399,9344.58,1.63,0.6377873632098918,0.7181265403585726,23.419999999999998
urg314,400,9344.0,2.05,0.966742712579134,0.9446314212149544,23.36
yde281,401,9343.3,1.91,0.918263301878438,0.9861317867415436,23.299999999999997
ybb474,402,9342.48,1.87,0.8188548024149175,0.5933225466971157,23.24
rta943,399,9340.59,1.84,1.0,1.0,23.41
ojv730,400,9340.0,1.71,0.4891842658351343,0.8365460757550298,23.35
hxp046,400,9340.0,2.02,0.8116842338278337,1.0,23.35
oel964,398,9337.08,2.44,0.8391758041782552,0.7074926509586816,23.46
oti379,400,9336.0,2.15,0.993032884568479,0.6077011442761601,23.34
ean874,399,9332.61,2.04,0.8251196105251719,0.8425563675818976,23.39
jmr311,399,9324.63,1.89,0.8813866559103392,0.8739856929417295,23.369999999999997
rhp251,399,9324.63,2.02,0.6918964506381629,0.6423932755724636,23.369999999999997
jpd779,400,9324.0,2.2,0.8187624544023676,1.0,23.31
deq437,400,9324.0,1.76,1.0,1.0,23.31
was542,400,9324.0,1.67,0.7822570340820393,0.9158779262804264,23.31
atc137,399,9316.65,1.46,1.0,0.530277038269264,23.349999999999998
bht086,398,9313.2,1.92,0.4081797300936156,0.5684483862427966,23.400000000000002
tjh102,397,9309.65,2.0,0.9539642579775957,0.9223323559547352,23.45
xzd650,401,9307.21,2.08,0.6593971393935747,0.3469652181981466,23.209999999999997
ley246,401,9303.2,2.27,0.705499184273159,0.8522233567758672,23.200000000000003
oyw904,398,9301.26,2.0,0.826791733484795,0.5366129116642145,23.37
wgy107,399,9300.69,1.85,0.9530122536769012,0.6728307879532686,23.310000000000002
ntf176,399,9292.71,1.92,0.9878226990285324,0.7153065059766843,23.29
orl328,400,9292.0,2.33,0.7309293597664603,0.5454774118806973,23.23
may721,399,9288.72,1.96,0.6681035971239526,0.5749415333963472,23.279999999999998
juk471,398,9285.34,2.09,0.8142192569046889,0.6094361622467158,23.330000000000002
rio879,399,9284.73,1.7,0.8793324275149697,0.812253811146257,23.27
tph921,400,9284.0,1.89,0.8888274136229082,0.5889154533428436,23.21
isz781,400,9284.0,2.1,0.8834673686799729,0.9173209493005732,23.21
woq156,399,9280.74,2.24,0.6123104599694567,0.7985336389447807,23.259999999999998
gmm122,401,9279.14,1.9,0.8424873421096843,0.6316658699365981,23.139999999999997
skk595,399,9276.75,1.89,0.7181709316251861,1.0,23.25
ccw751,399,9276.75,2.02,1.0,0.7746359730906293,23.25
btl659,400,9276.0,1.72,1.0,0.7177999547534861,23.19
oqr470,399,9272.76,1.89,1.0,0.8674216170106753,23.240000000000002
ruq213,400,9272.0,1.78,0.8738528201791462,1.0,23.18
gwx825,400,9272.0,1.99,0.673165735198589,0.738402953195239,23.18
vuy885,400,9272.0,1.92,0.6664623126917958,0.6046622082522486,23.18
qis280,400,9268.0,2.13,0.7649080218887261,1.0,23.17
mbh766,401,9267.11,1.67,0.8221814594735954,0.867778784700223,23.110000000000003
kra030,399,9264.78,1.71,0.4007103650980792,0.8634490637997955,23.220000000000002
omn698,399,9260.79,1.95,0.9945014389870196,0.8045540652211147,23.21
fwr395,399,9260.79,1.87,0.3183482605513046,0.943140945706562,23.21
ajh894,399,9260.79,1.71,0.7951923802777144,0.6854831215356094,23.21
ovj030,401,9259.09,1.74,0.8047277229739453,1.0,23.09
llw148,398,9257.48,1.73,0.7953645951315496,1.0,23.259999999999998
fxn330,399,9256.8,1.69,1.0,0.76047777580943,23.2
wnp945,399,9256.8,1.7,0.9168260081119188,0.777847804900343,23.2
lbl855,400,9256.0,2.08,0.6348619489456745,0.8230095329933148,23.14
jds471,399,9252.81,1.76,0.9602606721378022,0.7616324731931394,23.189999999999998
eiu368,401,9251.07,1.79,0.7466209668054941,1.0,23.07
npp383,401,9251.07,2.12,0.7721291823933037,0.7151071324218694,23.07
kwx995,401,9251.07,1.85,0.8809414556617792,0.5916036998362262,23.07
kgo708,399,9248.82,1.98,0.7117806560198667,0.5666260569421173,23.18
acf547,400,9248.0,2.04,1.0,0.8495567512549228,23.12
hvw954,400,9248.0,1.73,0.8202362240279709,0.8792680021053272,23.12
pgv800,400,9248.0,1.92,0.8637293291590804,0.7851824612175664,23.12
xtb416,400,9248.0,2.02,1.0,0.7395211670352622,23.12
tii348,400,9244.0,1.6,0.8538392831316769,1.0,23.11
mxj409,399,9236.85,2.16,0.632368274365745,0.8282860585347027,23.150000000000002
plj418,399,9232.86,1.57,0.5267655366450573,0.918052292801564,23.14
avo130,400,9232.0,1.99,0.8901331983315142,0.9481685283260788,23.08
cvy656,398,9229.62,1.92,0.9210597050161582,0.7469549660719196,23.19
yxc422,400,9228.0,1.77,0.6705483947294012,1.0,23.07
kzk178,401,9227.01,1.84,0.894682263668049,0.9912913644140188,23.01
sbb173,402,9221.88,1.42,1.0,0.9010810458628524,22.939999999999998
dxm743,399,9220.89,1.84,0.4403576001177276,0.7771269398789524,23.11
dnc054,399,9220.89,1.68,0.9101690509222768,0.7501417153912535,23.11
gjz710,400,9220.0,2.01,0.728258499478811,0.8911189579200264,23.05
ltx400,400,9216.0,2.11,1.0,0.5838631766338432,23.04
mna189,399,9212.91,1.8,0.7619837801079461,0.535359750187713,23.09
rxf156,399,9208.92,2.14,0.5974543079976048,0.6749604970594885,23.080000000000002
pgg177,401,9202.95,2.1,0.2820096790736215,1.0,22.950000000000003
tdb141,401,9202.95,1.79,0.7721778683870062,0.690088257952848,22.950000000000003
wbn940,402,9201.78,2.25,0.2851919681212581,0.5774906152626831,22.89
iwm201,398,9201.76,1.85,0.779002119869638,0.7749340493267849,23.12
tnq354,401,9198.94,1.67,0.6875813186714923,0.749657410451937,22.94
gnu466,399,9192.96,2.1,0.8799835081972132,0.668173510928307,23.04
hdh728,400,9192.0,1.73,1.0,0.903713357256346,22.98
rca258,401,9190.92,1.98,0.7845374600193625,0.8553707756662825,22.92
vqt167,400,9188.0,1.61,0.92719429135118,0.7140258341568272,22.97
hnx723,400,9188.0,1.86,0.817856658460185,0.8085153670250836,22.97
aoo649,398,9185.84,1.67,0.8374524731724761,0.5988172185309527,23.080000000000002
zkr945,398,9185.84,2.01,1.0,0.4689000310331057,23.080000000000002
mqr429,400,9184.0,1.58,0.6600956966160318,0.861872417039274,22.96
tth718,400,9184.0,2.03,1.0,0.8822229904076444,22.96
dih620,399,9180.99,2.11,0.722407372799879,0.8247977391019752,23.009999999999998
kmf211,400,9180.0,1.89,0.8387012093184638,0.9775380184114346,22.95
dbr780,399,9177.0,2.13,0.6205575396676957,1.0,23.0
qbt071,399,9177.0,1.53,0.6600550982982564,0.8696776533626432,23.0
wmk153,399,9165.03,1.68,0.8756819594166154,0.7824082028547404,22.970000000000002
bqk125,399,9161.04,1.84,0.6251997016839748,0.9106501059201038,22.96
gdj596,400,9160.0,1.88,0.742827913360679,0.7530818748304013,22.9
fwe136,399,9157.05,2.14,0.9981896236436352,0.7620783011145431,22.95
beh551,399,9157.05,1.78,0.8563846658937606,0.8331075157049735,22.95
nvk944,400,9156.0,1.99,0.5220669996374749,0.832730563611502,22.89
xfw593,400,9156.0,1.63,0.6690989186223187,1.0,22.89
hye304,399,9153.06,2.18,0.6369934104982004,0.8000476063527389,22.939999999999998
byg450,400,9148.0,2.1,1.0,0.638521139223979,22.87
ikq918,400,9148.0,1.76,0.6744488483300068,0.7633978555288695,22.87
iiz606,400,9148.0,1.73,0.9377994334272068,1.0,22.87
kls962,399,9145.08,2.35,0.6717223748375508,1.0,22.919999999999998
sbl958,400,9144.0,1.79,0.8217787287872679,0.6391192031135199,22.86
qcm394,398,9142.06,1.55,0.6771669663140458,0.4977100800530445,22.97
rjp944,399,9141.09,2.05,0.7898645604424385,0.9952913686152084,22.91
gwf404,399,9141.09,1.8,0.5433915461211227,0.8414667689454103,22.91
srv919,401,9138.79,1.76,1.0,0.6680903299690177,22.790000000000003
kbg308,399,9137.1,1.52,0.5970098267115672,0.8678151738387079,22.900000000000002
ied114,399,9137.1,1.91,0.4090634199591536,1.0,22.900000000000002
qtc437,400,9136.0,1.78,0.8542465610693655,1.0,22.84
uzn695,399,9133.11,2.17,0.5682635275252094,0.3441603361177301,22.89
qvk219,400,9132.0,1.53,0.8330023715972719,0.7875722552041039,22.83
pft309,400,9132.0,1.86,0.6101421812392069,0.7961695184508486,22.83
ptk909,400,9124.0,1.81,0.6240509136356006,0.3354076409484956,22.81
stz710,400,9124.0,2.05,0.8719220462655063,0.5153266399639742,22.81
izz398,401,9122.75,1.77,1.0,0.4444656307058533,22.75
mbs246,401,9118.74,1.52,0.909490328980598,0.8198134931653144,22.74
fwf457,398,9118.18,1.81,0.6549239655966306,0.9599334662521244,22.91
alk513,398,9118.18,1.82,0.7367506910050545,0.8128033790127646,22.91
wrv896,400,9116.0,1.9,0.3769459978513537,0.7775301029848681,22.79
ayf483,399,9113.16,1.94,0.8135715600407171,1.0,22.84
gjb343,401,9098.69,1.81,0.9158398903519964,0.6829975200095834,22.69
pbk157,398,9098.28,1.85,0.5817305614955026,0.8555964226808166,22.860000000000003
ldz797,402,9097.26,1.93,0.6802407378917728,0.7877020722039474,22.63
cdp188,398,9094.3,2.02,0.6198744777646819,0.8186143641263931,22.849999999999998
nmk793,399,9093.21,1.98,0.7917774230367891,0.6599657968290539,22.79
hiy331,399,9085.23,1.78,0.8184690277659079,1.0,22.77
jer722,400,9084.0,1.9,0.8457475491649209,0.8835862097326662,22.71
unn244,402,9081.18,1.93,0.7486022861167968,0.3472192275613455,22.59
lhy437,400,9076.0,1.41,0.4906022566968056,0.8905901385425568,22.69
rpv664,400,9076.0,1.88,0.3915846215479352,1.0,22.69
sla784,400,9072.0,2.15,0.6775612532174462,1.0,22.68
qbp791,399,9069.27,1.9,0.878324565261718,0.4954431932117173,22.73
gpp546,399,9069.27,2.36,0.765206986665758,0.5850830090098624,22.73
dxm874,397,9067.48,2.07,0.5565491193796529,0.6274341674916878,22.84
kfy968,398,9066.44,2.01,0.7752678968701727,0.7676007547220515,22.78
vbj404,400,9064.0,1.82,0.6661574946016012,0.9011432551152108,22.66
xdj984,400,9064.0,1.87,0.6301094420163497,0.6731393717075163,22.66
usm805,399,9057.3,1.75,0.7298149374117987,0.909031837350424,22.7
deh622,400,9056.0,2.24,0.3547624245856,0.9453779681268688,22.64
yre399,399,9053.31,1.79,0.7194433038156681,0.811450067294023,22.689999999999998
ugj467,399,9049.32,2.19,0.7049815352255157,0.8628008694714046,22.68
gdn447,399,9049.32,1.88,0.7718296665506769,1.0,22.68
cka631,399,9049.32,1.95,0.5788670843221481,0.4353121380576499,22.68
erz467,399,9045.33,2.1,0.8117360058733323,1.0,22.669999999999998
igx439,400,9044.0,1.58,1.0,0.9497837148503396,22.61
jmk387,399,9041.34,2.34,0.7281211791311396,0.9862729598286512,22.66
kqv023,398,9038.58,1.56,0.9378637643186472,1.0,22.71
xqy215,401,9038.54,2.31,0.6006742055027345,0.825127202605198,22.540000000000003
psm483,398,9034.6,1.65,1.0,0.6934661058448207,22.7
mgk104,399,9033.36,1.97,0.8103197828278045,1.0,22.64
zdq811,398,9030.62,2.08,0.5985249537397078,0.4763230187238265,22.69
hpd896,398,9026.64,1.64,0.6941466250668644,0.7100396798459992,22.68
fbu079,399,9025.38,1.99,1.0,0.9615186532563914,22.619999999999997
iam680,400,9020.0,1.41,0.6783744062420377,0.6704818332259161,22.55
onx864,400,9016.0,2.13,0.1406221519217914,1.0,22.54
eaa035,400,9012.0,1.53,0.7619755063891867,0.483676729645956,22.53
tct456,399,9009.42,2.06,0.801997873340242,0.5865845556932557,22.580000000000002
epq583,400,9004.0,1.87,0.6894721293939909,1.0,22.51
egc928,399,9001.439999999999,1.94,0.4224334130385382,1.0,22.559999999999995
vrn890,399,9001.439999999999,2.28,1.0,0.7508807662194664,22.559999999999995
tzj808,400,8996.0,2.02,0.4746884414725549,0.6282071971486285,22.49
yqb169,398,8994.800000000001,1.79,0.7417408650786073,0.7491381620842792,22.6
jbe555,400,8992.0,2.13,0.5642926247690006,0.7523204704617362,22.48
drb673,400,8988.0,1.55,0.7905902968158214,0.827545252990478,22.47
pkb880,400,8976.0,1.81,1.0,0.6636896739459094,22.44
pcf581,400,8976.0,1.78,0.4835308285026274,0.8034018675083763,22.44
rsu436,401,8970.37,2.2,0.8685523045763638,0.8633751900010261,22.37
uen457,401,8970.37,2.25,0.8869603509876561,0.6224148341043748,22.37
jzf974,399,8969.52,1.39,0.6186189889899799,0.5405245952792068,22.48
fwa786,399,8969.52,2.01,0.8593379398693556,0.9785870858662724,22.48
vql943,400,8968.0,2.09,1.0,0.8491023885951696,22.42
iki414,401,8966.36,1.91,1.0,0.5891882890230068,22.360000000000003
brt316,399,8961.54,2.15,0.7427021222537745,1.0,22.46
vnt809,399,8957.55,2.06,0.7970022428466342,0.9598506445215732,22.45
hlc999,400,8948.0,1.96,0.6146602624425231,0.7285917536319132,22.37
fpc060,399,8945.58,2.34,0.5082907939758529,0.8820525897440671,22.419999999999998
cfj255,398,8943.06,2.16,0.7974388156447899,0.6280713500269189,22.47
eqx841,400,8936.0,1.86,0.9527870523153474,0.807736308944357,22.34
lnr250,398,8935.1,2.11,0.7046805182496437,0.5687619983036717,22.45
map195,399,8929.619999999999,1.85,0.510565420500006,1.0,22.38
yur556,400,8928.0,1.98,0.8508223336915508,0.8668872707523347,22.32
gqv128,400,8928.0,1.67,0.6107454903292059,0.958284329944542,22.32
wym847,399,8925.630000000001,2.11,0.8229647310835699,0.572160645241551,22.37
dam604,399,8925.630000000001,2.12,1.0,0.5352074778165643,22.37
rbi548,398,8923.16,1.76,0.8999798339311472,0.6672933601390247,22.419999999999998
eho851,399,8921.64,2.02,0.9681853398545016,0.4945059383129209,22.36
qqs744,402,8920.380000000001,2.11,1.0,0.9652186417685262,22.19
krc290,400,8920.0,2.13,1.0,0.7433769094295276,22.3
hhy233,401,8918.24,2.27,0.4981966414984381,1.0,22.24
jte208,399,8917.650000000001,2.16,0.6641056320712534,0.8903844424723666,22.350000000000005
fzi228,400,8916.0,1.9,0.9047446656566408,0.7821756629436374,22.29
bnu524,399,8913.66,1.9,0.8842684292564772,1.0,22.34
nwa463,399,8905.68,2.04,0.6430943478283364,1.0,22.32
mkp843,399,8905.68,1.69,0.6200826917879219,0.4918704602764798,22.32
wej264,399,8905.68,1.73,0.6498309923344203,0.7909057912369512,22.32
gxi462,400,8904.0,1.82,1.0,0.4688187576997902,22.26
ttv687,398,8903.26,1.85,0.8117176810664983,0.6945657283446004,22.37
tdk037,399,8901.689999999999,1.74,0.9670112784235836,0.6738782589193901,22.309999999999995
ldj261,400,8900.0,2.15,1.0,0.941070260407484,22.25
kxf980,398,8899.28,1.74,0.8171989194874664,0.7622298282148487,22.360000000000003
tle334,400,8896.0,2.25,1.0,0.9689227985761124,22.24
gva621,401,8894.18,2.27,0.7372125641830054,0.7491806096382193,22.18
qzs646,399,8893.71,1.97,0.8696203244350251,0.7447287145606488,22.29
ejy177,400,8892.0,1.95,0.4246742205407124,0.5026662259982076,22.23
lfr552,398,8891.32,2.08,0.9410033317458246,0.8287314327016969,22.34
lzx104,398,8891.32,2.34,0.8400709403706719,0.656815647383216,22.34
xrr001,400,8888.0,1.93,0.6478753720945852,0.4886416940855118,22.22
xyr371,400,8888.0,1.62,0.8918866211155647,0.4648645137815876,22.22
mha982,398,8879.38,1.92,0.9215176666906524,0.907658698626082,22.31
goy104,401,8878.14,1.59,0.7594850613168114,1.0,22.139999999999997
wvl041,399,8877.75,2.07,0.843301389639314,0.9830073868968918,22.25
ynr735,400,8876.0,2.04,0.6955175122927585,0.6171831513273627,22.19
pom540,399,8869.77,2.4,0.7488549043116135,0.6607285821291462,22.23
yps681,400,8868.0,1.91,0.735404113187806,0.8046499352673325,22.17
kac358,397,8857.07,1.68,0.7349597543591514,0.818996963038672,22.31
upi504,399,8849.82,2.46,0.9301140120156994,0.835119547747013,22.18
jgd591,399,8849.82,1.92,0.8093284498862618,0.571490125821148,22.18
sfh047,399,8841.84,1.8,0.7380544844811568,0.8168277390144026,22.16
ldl935,399,8841.84,1.94,0.6551759770547836,0.8677286733730505,22.16
iwt256,400,8836.0,1.93,0.989938383490547,1.0,22.09
hef851,399,8833.86,2.09,0.8689979386391056,0.9380474819554288,22.14
swa059,400,8820.0,1.81,1.0,0.7897667219247371,22.05
nvk832,399,8817.900000000001,2.18,0.5079386989848207,0.6709962338108101,22.100000000000005
kfg058,399,8813.91,1.74,0.7106980614559395,0.6681627643600283,22.09
sal142,399,8813.91,1.86,0.8893704362026842,0.8526907056599231,22.09
snr877,401,8809.97,1.8,1.0,0.7633859448103292,21.97
tbj251,400,8808.0,2.36,0.9183743034624534,0.6771449046505648,22.02
srn525,399,8805.93,2.21,0.7939220166808618,0.9188691695214984,22.07
srr868,400,8804.0,1.69,1.0,0.5134130137026602,22.01
wgz924,399,8797.95,1.63,0.901193756208913,0.5589062203493924,22.05
qgk742,401,8797.94,2.1,0.8862566794524688,0.6077831958237958,21.94
slh007,398,8795.800000000001,1.76,0.8607791603528151,0.915225577385524,22.1
wqp841,399,8774.01,2.3,0.6833789956228243,0.7377462284025762,21.990000000000002
fgq530,399,8766.029999999999,2.05,0.7372455182728597,0.5408132616712767,21.969999999999995
fjr508,399,8766.029999999999,1.78,1.0,0.7140917600550661,21.969999999999995
erb296,400,8764.0,2.25,1.0,0.9257360553192772,21.91
agw735,400,8760.0,1.67,1.0,0.4603819509907736,21.9
njf244,399,8758.05,1.91,0.8501474499848383,0.8839808320688582,21.95
gna233,400,8752.0,1.66,1.0,0.8415478642132679,21.88
pjh691,400,8748.0,2.06,0.9019550886862984,0.8172314431994242,21.87
vvf720,399,8742.09,2.08,0.8114104249301651,0.7218757359603024,21.91
dbd252,400,8740.0,1.82,0.7248203502317777,0.8181272262032971,21.85
lac774,400,8740.0,1.9,0.8441527269018906,0.9716817561222632,21.85
onk752,400,8728.0,1.95,0.9051493748587331,1.0,21.82
xcl169,400,8728.0,1.91,0.7119065384337205,0.904104908484002,21.82
nuw151,401,8721.75,2.18,0.926479055072219,0.7659179862395589,21.75
ogq966,398,8720.18,1.56,0.8396045677815681,0.7559992512418799,21.91
aox994,398,8720.18,2.02,0.6136877147290323,0.8346131106157992,21.91
cif618,401,8717.74,1.76,0.7199387599379866,0.7725761217643247,21.74
lnf436,397,8706.21,2.17,0.7065751555864983,0.9372734626776328,21.929999999999996
ihv514,400,8704.0,1.87,0.8841509185952379,0.690896237988785,21.76
dqk254,400,8700.0,2.01,0.8632081839643218,0.613500928771072,21.75
egd113,400,8696.0,2.26,0.6197449203300843,0.7540839638418972,21.74
uvx148,399,8690.220000000001,1.94,0.9322288934493232,0.916982706158849,21.780000000000005
qah013,401,8689.67,1.97,0.665892271220468,1.0,21.67
lss481,398,8688.34,1.89,0.8524974486194089,0.5847209010676706,21.830000000000002
ijh814,400,8688.0,1.81,0.973204748308142,1.0,21.72
ltx102,399,8678.25,2.28,0.7954516955661185,0.7200526573622389,21.75
wxo218,400,8664.0,2.15,0.945755308663016,0.7300365935874316,21.66
xrx422,400,8656.0,2.26,0.8546711600598635,1.0,21.64
jmd601,399,8650.32,1.88,0.7822361267363068,0.7110305907067546,21.68
zzy125,399,8642.34,2.04,0.4484516814158619,0.8303212254109696,21.66
tgi648,398,8640.58,1.78,0.765974924668943,0.819166176275209,21.71
opo773,399,8634.36,1.64,0.4980284451835027,0.7740055445684436,21.64
mui361,399,8626.380000000001,1.64,0.9898551084546068,0.8746311069065026,21.62
ult399,401,8625.51,2.14,1.0,0.813223299347479,21.51
xkb820,400,8624.0,2.29,1.0,0.7681156919741137,21.56
mcs705,401,8613.48,2.36,1.0,1.0,21.48
iin710,400,8612.0,1.94,0.8891082043797545,0.9067439717917672,21.53
xvu894,398,8608.74,2.04,0.7807068123674715,0.8444557517627255,21.63
dbn390,400,8604.0,1.66,0.7597885948089123,1.0,21.51
wye412,402,8602.8,1.7,0.8684753310657964,0.9117889693954476,21.4
zzx981,399,8590.470000000001,1.8,0.7047964307951818,1.0,21.530000000000005
tdf540,399,8574.51,1.73,0.6116258494701841,0.5110309162138269,21.490000000000002
gsh667,401,8573.38,1.9,0.7864101333771202,0.7002372341621139,21.38
lrt691,400,8564.0,2.01,0.8703486202407513,0.9636169383841324,21.41
lkc010,398,8560.980000000001,1.93,1.0,0.780717788985101,21.510000000000005
owl547,400,8552.0,1.77,1.0,0.6123116771262981,21.38
xpy056,399,8550.57,2.01,0.972625682590414,0.668238343534648,21.43
odw361,399,8542.59,1.94,1.0,1.0,21.41
grf956,398,8541.08,2.19,0.7721733449372198,0.7628376725292715,21.46
ikn070,400,8532.0,2.11,1.0,0.6671117072145244,21.33
bme030,397,8531.529999999999,1.87,0.9457901312775892,0.7519113794638299,21.49
ifx886,399,8530.619999999999,1.95,0.8914390404501349,0.75164736739162,21.38
ztq605,401,8525.26,1.91,1.0,0.7921697007080647,21.26
gqw129,398,8501.28,1.76,1.0,0.6656105417457208,21.360000000000003
zoq070,399,8498.7,1.72,0.5416935358489674,0.940102568962045,21.3
jdl920,398,8489.34,2.09,0.8461786719031559,1.0,21.330000000000002
rnn673,400,8488.0,1.91,0.633084843393772,0.8268289786704697,21.22
mth991,400,8480.0,2.12,0.8496839527329247,1.0,21.2
nxp735,397,8460.07,1.94,0.729755605879847,0.5425498995194331,21.31
knq099,399,8458.8,1.93,0.9974538724014568,0.9742832670603344,21.2
eqw058,398,8457.5,1.48,1.0,0.8449673520164971,21.25
nmr840,397,8452.13,1.93,0.842672967694637,0.7140631184240993,21.29
umt574,399,8422.89,1.77,0.6671537328995363,0.873562275383012,21.11
apk625,399,8390.970000000001,2.51,0.797525525142461,1.0,21.030000000000005
wxx849,399,8351.07,1.67,0.664458978190502,0.8826087288002887,20.93
fnk228,399,8347.08,1.65,0.8480352721267082,0.7754783099851968,20.919999999999998
peh628,400,8344.0,1.65,0.3989656135327565,1.0,20.86
bdy548,400,8312.0,1.9,0.4049211911617083,0.9164321150341176,20.78
ktd220,399,8299.2,1.98,0.8516224008690563,0.8059227263080767,20.8
ixr792,398,8294.32,1.89,0.5425784595345173,0.7798897398487057,20.84
cgj174,401,8268.62,1.52,0.9196454530676306,0.6884965909446956,20.62
bxn048,399,8251.32,1.82,0.39687882559398,0.9755280274582924,20.68
ksk928,399,8243.34,2.06,0.7412402675831667,0.609176373883751,20.66
vhg559,401,8220.5,1.86,0.7472995925030101,0.9099440445248462,20.5
oju375,400,8220.0,2.14,0.7159186392565511,1.0,20.55
jlo089,400,8184.0,1.98,0.7427182079170332,0.463002570456666,20.46
wur691,399,8183.490000000001,1.79,0.71840785022127,0.9661230574395108,20.51
gcw398,400,8176.000000000001,1.9,0.943565083602834,0.4215577358133015,20.44
qtb596,401,8160.35,1.71,0.5259467805271922,0.523579349724309,20.35
tbo520,399,8135.610000000001,2.13,0.7202981799902286,1.0,20.39
vdl977,400,8128.0,1.85,0.9791292717277152,1.0,20.32
gre239,398,8111.24,1.87,0.8980451971293791,0.8524590688906559,20.38
spz944,400,8080.0,1.9,0.9045044603229756,0.8409635652710388,20.2
laq391,400,8044.0,1.83,0.6513873710386487,0.6591267593995743,20.11
kkg480,399,8043.84,2.0,0.7215388972506708,0.4441414488525549,20.16
zed026,399,8015.91,1.82,0.6162202535901503,0.7219931649398188,20.09
yax686,399,8007.93,1.94,0.9172460737365348,0.7750399645716565,20.07
lts310,399,8003.94,2.06,1.0,0.8877953587266499,20.06
jli429,400,7912.0,2.22,0.7392174937071877,0.9412059459893,19.78
oza842,400,7848.0,1.54,0.5990876098799548,0.5785092011812087,19.62
ufe715,400,7780.0,1.84,0.6714596840274137,0.5205646876986965,19.45
xzc686,400,7756.0,2.03,0.7205942187898733,0.8010202603963111,19.39
dti479,399,7716.66,1.72,0.8440337361280288,1.0,19.34
ihq984,401,7643.059999999999,1.99,0.6654332667579274,0.9208947580929372,19.059999999999995
mwl276,400,7476.000000000001,2.0,0.7821912004550978,0.5465785096177176,18.69
apz878,398,6726.2,1.98,0.6669333217749333,1.0,16.9
